Predicted,Text
Fake,5000 ???? ???  ?????????? ??????? 250000 ????? ?????
original,??? ??????  ?????????  ??????????? ????????? ?????????? ..?????? ??????????? ?????????? ...??????????? ???
Fake,"??????  ??????  ????????????  ????????????  ???? ?????????? ???????  ????????????,?????  ?????? ???????  ????????????"
Fake,Shame for entire Woman&#39
Fake,135 code janaghal andhu wide business cheythalum vijayikum in India
Fake,"Why not all countries club together n block china to the maximum extend, and rename covid 19 as chinese virus? In all such cases when some one work to destroy others,  the nature intervene n contain such negative force.  That is the grace of god, the truth."
original,Ethil appuram ????????? ???????????? cpmne???adipoli nalla avatharanam
original,????? ???? ????? ???? ????????????? ??????????? ????????? ??????? ?????????? ???????????? ??? ?????? ????????????
original,????. ??? ????? ????????? ????. ????????? ???????? ?????? ?????????
original,Marunaadan kandupidutham
original,? ???????? ???? ???????????? ???????????..
original,"????? ?????????? ??????????... ????????? ??? ??? ????? ??????.... ?????, ???????????????? covid ???????????????"
Fake,Corona  virus is a programmed VIRUS  created by  CHINA...
original,???? ???????..?
original,"????? ?????? ??????????,  ????????????? ????????  ??????? ?????????  ??????????..!"
Fake,?? ????????   ??? ???????????????????? . ???  ??????  ????????? ??????????????????? ????? ??????  ????? ?????  ?? ???????  ????????? ???????????.  ? ???????? ??? ??????????? ???? ????? ????. ???????? ????? ????????? ??????????????  ???????? ???????? ??????? ???  ??????????  ?????? ?????????  ??????.
Fake,??????? ?????????????? ?????????? ??? ????? ?????????? ????? ????? ????????? ???????? ??????? ? ???????????.. ??? ?????? ???????.. ?????
original,??????? ??????????????? ??? ?????????... ????????????? ??
Fake,"Finally  ,world will be named and count, based on, before  Corina and after Corona"
original,"Bengalikal egane namude nattil ethii ennu manasilakunundallo.. ?<br>Evaruk oru 5 varsham kude koduthal , subham ?"
original,??????? ?
Fake,??? ??????????????? ?????? ?????? ????????? ??????? ???????? ??????? ?????????? ?????? ??? ??????? ?????????? ?????? ??????????? ?????? ??????????? ?
Fake,Allahuuu akbarr?
original,Palte.  Mahtunu.
original,"???????? ??????, ???????? ???? ?????? ????????? ??? ????, ??????????? ?????? as ushual ??????"
original,??????  ????????  ???????? ????  ???
original,????? ?????? ??? ???? ????????? ???????? ???? ????? ????? ?????? ??? ?????? ?????????? ???
original,??? ??????????? ???? ???? ???. ????? ????? ????? ????? ???? ????
Fake,??????????? ????????? ????????? ?????? ???????????? ?????????? ????????? ???? .
Fake,? ??????????????????? ???? ???????????????? ???? ???
Fake,??????????? ????? ?????????????? ??????????????? ?????? ?????????? ????????????
Fake,"Communists ? have to wear mask , why to enjoy monkey ? faces?"
original,??????? ?????????? ?????
Fake,??????? ?????? ????????? ante-dote ?????. <br>?????????? ???????????????? ????????? ??? ??????????????????????? ???????????????.  ????????????? ????????? ????????.  ????? ??????? ??????? ?????????????? 20 ?????? ?????????? ????? infected ???. <br>?????? ????? ???????? ???????? ????????????? corona infected ???????? ?????????????. <br>Patnayil ??????????? ?????????? ????????????? ???. <br>??????? corona infected ?????????????. <br>??????? ?????? ??? ????????? ?????? ?????? ???????????? ????????????? ????????????. <br>??????? ?????? lockin ?????????????????????????????? ??? ????? ????? ????? ?????????. <br>?????? ???????????? ???????????? ???????? ??? ??????????????????. ?????????????? ????? ????????? ????????. <br><br>?????? ???? ??????????????????? ????? ????????? ?????? ????????????? ??????? ??????? ???????? ???????????.  ????? ????? ??????????  ?????.  ????? ?????????? ??????? ???????? cut ?????? ??????????? ?????? ???????????????.  ?????????? ???????? ???? ????????? !
original,"?????  ?????????? ?????, ??????????????? ????????? ???????????"
original,???? ?????????? ???????
original,Super  super  Thiruvathira  kali  .
Fake,"Russia had acted proactive to quarantine all  foreign country visitors in separate building  for a safe period thus created a firewall. Where as in India travellers were allowed for  self quarantine, which was bad decision lead to the  current mess including Kerala"
Fake,?????????? ???????????? ?????? ???????????????....<br>???????????? ?????? ????? ???????
Fake,??????? ??? ????? ???? ?????? ????? ???????
original,"Coronaykku nammude pathanjali maman valla, marunno kashayamo kandethikanum"
Fake,??????? no ???????????? ?????????? ????????????. ?????????? ??????? ????????.
Fake,??????? ???? ????????????... ?????????? ??????? ??????? ????????...
Fake,Ede sagavu  endina epo America poyadu keralitil hospital elle
original,Ezhuthachanu. Ninnum. Kidannum. Patham.
original,?????? ?????? ???<br>???<br>??????? ??????<br>????? ????  ????????<br>???? ??????? ???? ????
Fake,They revised the social distancing from 2M to 2cm so it’s fine. ??
Fake,"???????? ????? ????? ?????, ???? ????? ?????, ????????? ???????? ?????... ????? ????? ????????????? ?????, ???? ???????? ???????????? ?????... ???? ????????????????? ????? ????????????"
Fake,??? ??????? ????? ???????? ?????? ???????????????????. ???????? ??????? ???????????????. ????? ????? ????????? ??? ?????? ??? ?????? ?????.
Fake,Population target ethreya expect cheyyunne sirmar ?
Fake,???????????????? ?????? ?????? ???? ???????????. ???? ??????????? ???? ???????????? ?????????????  ??????? ??? ??????? ????????? ????? ???????? ????????????? ???? . ????? ?????? who ??????? ????????? ???????? ??????? ?????????
original,??? ??????? ????????? ??????? ??????.. ??????????? 500-? ??????? ???? ????... ?????? ????????? ?????????? ???????..
Fake,We can&#39
Fake,The next North Korea.... Congratss...!!
Fake,No interest to hear you
original,??????????? ?????? ???? ??????? ??? ????????? ??????? ????
original,???????? ??? ???????
Fake,??? ???????????? ????? ??????????? ????? ??????? ??? ?? ???????????????
original,??????????????? ?????????? ????????????? ?????? ??? ????? ??????????? ????
original,??????????????
Fake,Neeyoke marunnu companyude kayil ninnu cash medichat kidannu chilakunnath kndille naaarikal..... Ninteyoke oru media phoooooooo
original,???? ?????? ????? ???????? ?? ??????????...
original,??????? ?????? ?????.. ?
Fake,Kumbha  mela  ??   ??????????  ???  Christian  Mechinery  ????  ???  ???????.
original,Panna rascal  paranaari...
Fake,"<b>korona ??????? ???? ????? ?????</b><br>?????? ????? ???????? ??? ????????? ????? ?????? ????? ?? ????? ?????? ????????? ????? ???????????... ????? ???????? ??? ????? ????? ????????????? ??? ????? ??????????<br>????? ???????????????, ????? ???? ???? ???? ?????? ????? ????? ?????? ????????? ???... ???? ???????? ????? ????? ?????....<br>???? ??? ??????? ?? ???? ?????????<br>130  ???? ?????? ?????? ??????? ????? ???????...????????????? ???????....."
original,Oro koprayangal.....
original,<b>????????</b>
original,?????????? ??????????? ?????
Fake,????????? ??? ??????????? ?? ?????? ????????? ??? ??????????? ?
original,Ivide pravasikal vannal anallo kuzhapam
original,Thiruvathirakkalinadakkatte.covid.<br>????????.koodatte.iniyumkoodatte.thiruvathirakalikkuaalukalpora
Fake,????? ?????? ????? dyfi. ????? ??????????. ????????? ???????? ???????????????? ?????????? ???????????????.
original,Ivde oru govt ille ea neriked kaanikumbol ellavarum urangukayaayirunno atho oru  samudayathe motham theevravaadhikal ennu vilikuvaanulla avasaram  viniyogikukayaayirunno  kalla naariya mathabraanthanmaare ningal orikalum swargathil praveshikukayilla saa.oohya dhrohikal
original,Ivareyokke jeyipichavare sammadikkanam?
Fake,?????? ??????????? ?????? question ???????? ??????????
Fake,"???????????????????? ??????? ???????????<br><a href=""https://youtu.be/d9avTdZObZ0"">https://youtu.be/d9avTdZObZ0</a>"
original,??????? ???? ?????????? ???????? ??????.???? ?? ???? ?????????? ???????? ??????.
Fake,????? ???? ???????? ??????? ??????
Fake,"China has created this Virous and they have the antidote. This is the weapon they tried  <br> To use against  India and US ,  but we will come back strongly."
original,Medam ?????????? thooralle
original,???????? ????? ???? ??????? ?????????????? ????? ????. ????????????? ???????????? ???????? ?????????? ??????? ????????? ???????????? ????????? ??????????? . ??? ?????????????  ??????????????? ????? ????????????? ????????????? ?????? ?????????????? . &quot
Fake,ithoru ottapeetta sambavam ayirikkum.. <br>Mandanmar
original,Super
Fake,Balikudeerangale....... Jai dingan
Fake,???? ??? ? ????????? ?????? ??????? ???????? ?????????? ???? ????? ???
Fake,Koronaiku sesham veendum namal pazhaya kuththazhinja jeevitham thanne thudarananu bhavamenkil ithilum valiya duranthangal undakum.Deivathe snehichum Deivakalpanakal anusarichum jeevikkan nammuk kazhiyumarakanam.that is better.
original,???? ???? ???
original,???????? ??????????? ???????????????? ??????? ????????? ?????? ???.. ??????? ????? ????????? ????????? ???? ?????????.. ????? ??? ????? ???? ?????? ??????? ??? ???? ???????? ???? ???.. ????? ????? ??????? ????????????? ????? ???? ?????
original,Kitt vangi kuthiyavarella moonji nadakkunnu ????
Fake,Ok  Sir  Thank  u  ??????????
Fake,Prepare List of all products from Chineese companies n stop buying it
Fake,??????????????? ???????????? ??????? ????? ?????? ??? ??????? ????? ?????????? ??????????? ?????????? ???????? ??????  ?????????? ????? ????? ????????? ??????????
Fake,????????? ???????? ????? ???? ??????????? ????? ???????? ?????????????? ??????? ??????.. ??? ? ??????? ???? ?????????..??????? ??????????? ?
Fake,Evar oke ntena verte virus nne indakan nadakn
Fake,?????? ????? ???? ???? ???????? ?????? ??? ??????? ????? ??????????? ....  ?????? ????? ??????????? ?????????? ??? ????? ???? ??????????  ????????  ?????  ..  ??????? ?????????..  ????
Fake,Ningal 7aum arivu kandaal porey?
original,????????????? ?????? ?????????????? ???????????????? ???????????? ????????
Fake,America in Europe. ?????
Fake,Halal.  Covide.    O. K
Fake,We&#39
original,????? ????? ????????? ???????????????? ????? ??????&#39
Fake,??????????? ??? ?????? ?????. Amazon ???? ??????????? ???? ?????????? ???????????? ????? ???????? ????????? ???????????.
Fake,THERE IS A DIVINE HAND BEHIND IT.RETURN TO MORALITY
original,Kodi matre undavu anikal kanilla???
Fake,Manushyathwam illatha  kammikalalle China bharikunnathu  athukondu ithil athbhuthapedendathilla
original,Entealiyasammathichu
original,????????????????? ????????????? ???? ?????????? ????? ???????. ??????? ?????? ????? ????????????? ??????? ???????????????? ??????????? ? ???? ?????? ????????????? ???????? ????????????.
original,????? ?????????? ???? ??????????.151 ??? ?????????? ?????? ???????? ??? ????????? sagave
original,????? ???????? ???? ??????????? ???????? ?????
original,??????????? ????????????? ?????? ????????????? ???????????. ???? ????? ??????? ??????? ??????????? ???????? ?????
original,???????????????? ?????? ??? CPM ????? ?????????
Fake,"Jaiva.yudham- ithu thanne 3 rd lola Maha yudham.Manushyar aaydham use chaitu war nadathuna kaalam vitittu Jaiva wepons use chaitu.ivide skhya sakthikal Uthara Coria,Russia,Beijing. Thats all."
Fake,Ith ??????? ???????????????
original,????? ?????
original,??????? ????? ?? ??? ????????????????? ???? ??
original,???? ????? ??????? ??? 100???? ???????????????? ?????? 500??? ????????? ????????? ??? ????? ?????? ??????? ???????? ???
Fake,?????????? ????? ?????? ????????????? ? ????? ??? ???????? ????? ?????? ????????????????? ????????????
Fake,Nthonnade ithu
Fake,??? ????? ?????????? ?????????. ??? ?????? ????????? ???????.??????? ???????   ?????? ???????  ????????  ??????? ??????? ??????? ??????.
original,evatakalkonum nanam ele ! enth tengayan eth !
original,Adutha masam ente thiruvathira aanu..kalyanam alla kettoo...party layanam aanuu??
Fake,????? ????????????? ??????? ?????? downum ????????? ??????? ?????????
Fake,Nhangal mamma channelukal kanunnath nirthy.Jai Sajan Sir.??
Fake,American   Tramppp    nntta  purrakaa   pooyia   mooddy   .Rasshiya    is   forget
Fake,? ???? ??????? ??????? ????? ?????????????  ????? ????????. ????????? ??????????? ?????
original,Thiruvathira Party of India ?????????????
original,??? ?????? ?????????? ????????? ????????? ??????? ??????? ??????????? ??? ???????????? ??????? ??????? ?????? ??????? ??????? ??????????!!! ??????????? ???? ????????? ?????? ???????????!!!
Fake,?????? ???????? ??????? ?? ????????????
Fake,??????? ??????? ????????????? .
original,Makaravilakkum kaanikkane
Fake,??? ??? ??? ???????? ???????? ??????? ???? ??????????? ????? ???????? ??????????? ??????? ?????? ???? ???????????? ?????? ?????????? ??????? ??????? mutation ???? ?????? ??????? ????????? ??????????? ???? ????????? ???????? ??? ??? ???????? ????? ???? ????????? ??? ??????? ????? ????????????? ?????
Fake,Old story... Bring something new
original,Attukal pongala anuvadhikkanam..... Ithinekkaaalum surakshidhamaaanu
original,?????? ??????? ???? ?????
original,?????? ????
original,Ethu ?????? ???????? ?????? ? paatu ?????? udeshichillennu
Fake,Until now there is no evidence that virus is genetically created. I will be doing such a video in Qnow channel
original,Super  ?
Fake,Sathaythill ethokke avarude plan annu
Fake,Chinaye illaathaakkanam
original,"?????? ?????????? ?????, ???????????? ?? ???????? ????? ???????????? ?????? ?????????? ??????? ?????????? ??????? ????."
original,Miiyran maru motham kulam thonditte poku.. Vote cheytha jayipichavan oke anubhavikate
original,???????????? ??????? ????????? ???????????? - ?????? ????????????????? -
Fake,Maybe this is secret biological war between America and Europe and another view point is the use of dictatorship and defect of democracy
original,??? ??????????  ???? ?????? ?????? ???????? ???? ???????
original,Koottam koodaruth ennu parannjaaal ningalkk mansssillaavilley....
original,? ??????? ??????? ???????????? ???????? ????????? ???????? ?????? ???????.???????????... ???? ????????? ?????????? ?????????? ?????? ???..
Fake,Ne podee
Fake,"Nalla vartha  good - innu kalathumuthal whatsappil karangunna oru item eduthu varthayakki, pl bear in mind Kerala people r much ahed of u, pl have some true investigative jounalisam."
original,Party ???????? ?????? ?????????? ??? ???????? und.......
original,"Ellaarum Vimarshichitt Pinaraayi daivathinte kopam vaangi koottanda, ath mathi covid parakkaan ?...."
Fake,"Already some of chinese doctors reported 2019 september , corona virus and pneumonia, also news reported later they deleted news. Indian top news channel reported (WION) these political agenda.."
original,??????? ????...
Fake,"Really, there is a huge deal of foul play. This seems to be a biological weapon to destroy the world order."
Fake,???? ?????? ????...
original,??????????<br>??????????<br>???? ??????? ???????????? ???????? ????
Fake,??????????? ???? depopulation ????????? ??????? ? ?????.
Fake,????  ??  ?????  ?????? ?????  ???????  ?????  ?????  ?????  200 ????????????  ??????  ????? ???????  ?????
original,?????? ???????
Fake,?????? ???????????? ???????? ???????? ? ?????? ????????????? ?????????????
Fake,??????? ? ????? ????????? ???????????<br>???? ?????? ???? ???? ???????? ????? ?????????.<br>?????? ?????? ????? ????????? ????? ??????? ????? ????? ??????? ?????.<br>??????????? ????? ??????? ????????? ????????????.<br>?..?..?..
Fake,??????? ?????????? ?????????????
Fake,????????? ????????? ????? ?????? ?????. ?????????? ??????? ????????? ???????????? ??????? ???????? ?????????.???????? ???????? ????????? ??????? ????????? ???? ???????.
original,"????, ??????? ???????"
Fake,Ramzan adukkumbazhekkum  lock aakkum athallea oru sugho ....
original,? ??????? ?????
original,?????????? ????????????? ??? ????????? ?????????? ?????
original,Rip ????????? ??
original,???????? ???? ???????? ???? ???????
original,pravasikl onum oru cash polum sahayikaruth evanmare
Fake,??????????????  ???????? ??????????????????? ????? ????????
Fake,????? ??????? ?????????? ??????????????
original,???????????????? ????? ?????????????.<br>????????. ??? ??????? ??????. <br>????????? ?????? ???????????? ????????? ???????<br>?????. ????????? ???????
original,"??, ????? ????? ?????????? ?????"
Fake,Saadhikkatte enn aashamsikkunnu
original,kashtam ithupolulla komaali sarkar swapnanglil maathram
original,India nanam kettu poi
original,"????????? ???? ????????????? ??? ???????????.....<br>?????? ??? ?????? ??????????, ??????? ????? ??? COVID ???????????? ?????? ????? ?????????? ??????? ??? ????????? (?????? ?? ????? ????????) ?????????????......"
original,Adupp niyamam
original,Ente ummaku Hart block vannu angigram cheyyendi vannu
original,???? ????????? ?????? ???????? ????????? ?????????????
original,Covidoke ?????? ????? ???????? ?????? ?????... ??
original,"&quot;???????&quot; ??? ???? ?????? ????, ??????????? ???? ?????? ??? ?"
original,????? ????????? ?? ????? ????? ??????? ???????? ??????? ????????? ??? ?????? ??????? ????? ????????? ?????? quarantine ???? ??????? ?????? ?????? ???????? ??????????????? ?????? ?????. ???? ?????? ??????? ???? ????????
original,???? ???????? ? ????? ????????....??????? ?????? ???????????????....
original,Prathikarikku prathishethikku nammude naadine rakshikku.
Fake,Evarku oru avasaram koduku.allade eppozhum ayurvedathe thalliparayathe.
Fake,?????????? ???? ???????? ?????? ??????????? ??????? ????? ?????????
original,Ldf doing stupid things.
original,Nakikalaaya malayalikal
Fake,1000 ? ??? ?????? ?????? ??????????? ???? ????? ?????? ??????????? ???????  ????  ?????? ?????? ??????????  ?????????????  ????? ?????
original,"?????????, ????????, ????????? ???????????? ??? ??????"
Fake,???? ???????? ???????? ???????????.
Fake,Yandayalum America ku engana oru ade venum butcha edel podu janagal badechu. Angana yanu iraq lu adu pola. Ulla natulum America katti kuttiyadu
original,Love CPIM ?????
Fake,China deserves a nuclear attack from Europe and usa
Fake,"AAA vaacsin,AAA innu aaaanirthamo aaaa arochakam. Aaaamr.aa naveen"
Fake,Corona iniyanu theevratha varan pokunnathu.....depopulation agenda start ayi......innum saudhiyil cherupakar marichu veeeeenu
original,????? ?????? ?????? ???? ??? ??????? ?????????? ??? ????????? ??? ??? ????????????????? ???...
original,Aru chathal entha CPM jayiknm!!!??
Fake,"????????? ????????????? ??? ???????? ???????? ??????? ???? ?????? ????? ??? ???????? ???. ????? ?????????? ????? ???? ?????? ????? ??? ?????????????? ?? ??? ?????????? ??? ??????????? ?????? ????????. ?????? ??? ???????? ?????????? ????????????????? ??? ?????????? ??????? ?????????? ?????? ????? ????? ??????????? ????? ??????? ??? ??????????? ???? ???????? ???????? ??????? ???????? ??????? ?????????????. ????????? ????? ??????? ??? ????????, ???, ????????? ????? ?????????? ??????? ??????? ???????. ??? ?????????? ??????? ??? ???? ???????? ?????? ??????? ?????????? ??? ??????? ????? ?????? ?????????????? ?????? ??? ?????????????? ??????????. ????? ????? ??? ??? ???????? ???????????. ?????? ????????? ???????????? ??????? ??? ??????????? ??? ??????????? ?????????????? ?? ???????? ???? ?????????? ???? ??? ????????? ??????? ????????????? ??????. ????????? ????? ????????? ??????? ??????????? ???????????? ???????? ??????? ?? ??? ?????????? ?????????? ?????? ???. ????????? ??????? ????? ???????????. ????? ???? ??? ????????????????? ???????????? ???? ????? ????????? ????? ???????????? ?????? ????????????."
Fake,Dislike ??????????? ??????? ???????? ????
original,E programme poottikkille ithuvare ?
Fake,??? ?????????? ????????? ?????????? ??????? ?????????????  90%???? ???????????? ??? ???? ??????????? ???????.......????????????? ???????????? ??????????????<br>  ??????????.....
Fake,China unnamittathu Europe mathramo.. Aarenkilum chinthichittundo India itra karuthode neridumennu..India ye kuudi easy aayi thakarkam ennu chinthichu kaanille...
original,Adipoli ???
original,????????????? ????? ?????? ????????? ??????? ????????? ?????
original,???????? ??????? ??????????? ??????? ??? ????? ??????? ????? ??????...
original,??????? ????????? ???? ?????? ????? ????????? ????????? ??? ??? ??????? q?????
original,???????? ???? ????????????
Fake,I feel that this epidemic will be there till 30 june 2020
Fake,"??? ??? ??? ??????????.<br>??? ????? ????? ???? ????????? ????? ????????? ????? ??????? ???????? ????? , ?????? ????? controlled ???? ?????? ?????? ??? ????? ????????? ???? ???? ???????? ????????? ????? ???????????? ????????? ????????? ??????????. ??????????? ????? ????? ????????????? ????? ???? ???????? ???????????????? ?????. For example india ???? ????????? ????? ????? ????? ???????????? ?????? ???????? ?????? ?????? ??? ????? ???????? ???????? ????? ???????? ??????? ????? ???? ???? ????? ??????? ????????? ?????????????? ????? ????????? ????,<br>????? ??????? ????? ????????? ????? ????? ?????? ?????????????? ?????? ?????? ???? ???????? ??? ?????????? ??????? ??????? ?????. ??? ??? ????? ?????? ?????? ?????."
original,?????????? ???????? ????????????????? ???????????
original,??????????????? ???????
Fake,Ith chikilsayella bakshanaman chikilsa sir parachath    sheriyano enn avasaram koduthoode corona oru virous aayirikkam bakshe veetil irunnu nadan marunn cheith chikilsikkam anubavam aan
original,"Chirikaanum vayya.....karyanum vayya.....evide nokhiyalum....agalam palikathathinu....pravasikalu kuthakaaran,.....kolllhammm"
Fake,"????? ????, ?????????? ???? ????????????????????? ?????? ???? ????????????? ????????? , IMO ?????????? ???? ????????????? ????????????"
Fake,??? ????? ????????? ???????? ?????????... ????????? ????????????...
Fake,Nashicha vaccine edukandayirunnu kop ?
original,Ithine okke pidich kinattil idanam
original,Enthokke paranjalum pravasi quarantine irikanam ?
Fake,This is surely China&#39
original,??????? ????????
original,"Keralam vere rajyam ano, pinarayi cheythato"
original,????? ?????  ????????? ?????. ???????? ????????
original,CPM ?? ?????????? ?????
original,?????? ?????????? ?????? ??? ??????? ?????
Fake,??? ??? ????????
Fake,???? ?????? distancing ?????? ?????
original,? ???????? ?????????? ????????????????? ?????
Fake,?????????? ????? ??????????????? ?????????
original,?????? pine ??? ??????? ??????????... ?????
Fake,?????? ???? ???? ??????? ??????? ??????? ?? ?? ?????? ??????? ??????? ???? ?????? ??? ???? ??????? ??????? ????? ????? to
Fake,China cheated the whole world. World should boycott China and their products.
Fake,???? ?????? .  ??????? ??????? ??????????????? .       ????? ???????????? ????????????? ????????????  ????? ??????????????????? ?????  ?????????????? ???? ????????? &#39
original,Foolish Act.
Fake,??????? ??????????????? ????????????? ????? ??? ?????. ?? ??????? ??????? ???????????????? ??? ??????? ???????????? ????????
original,"?????????? ???????? ????????? ????????????????? ????????????? ??? ? ????????? ??????????????? ?????? ??????????????? ??????????? ????????? ??????? ?????? ??? ??????? ??????? ??????????? ??????????? , ???????? ?????? ??????????? ????????? ?? ??????? ."
Fake,??? ???? ????????? ??????? ???? ????????  ?????????????? ?????? ????????  ??????? ???? ????????? ????????? ??   ??? ????????? ???? ??????? ??????????  ??????? ????? ???? ??? ????? ????????? ??????? ? ????? ???????? ??????? ?????????? ????????
original,Sanki chanagam
Fake,?? ?? ????????? ??? ??????? ???????? ????????????. ????????? ???? ???????????. ??? ???????????? ?????. Camera???? ??????? ??????? ?????????? ???????? ????????.
Fake,GOMUTHRUM  CHAI NAKU  MODI KODUTHU       VITIRIKUM
Fake,idokky ellavarkkum ariyamenggilum idupolulla nalla karyaggal parajhukodukku. ellady vargeyada pulabbi manushyaray thammil thallikan nadakalla. thaniku dayvattilikky vishwasamunddo saja?    oru vargeeyavadikkorikkum dayvattilinnum vishwasamuddagilla .
Fake,???????? ??????? ?????? ????? ?????? ???? ??????????? ?????? ????????. ????? ?????? ????????? ?????? ???????????. ?????? ????????????? ????????????? ??????? ?????????? ??????. ????????? ?????? ????? ?????. ?????? ??????? ??? ????????????. 2022??? ????? ? ??????? ????????.
Fake,????? ??? ???? ?? ????????? - ????? ????? _
original,????
Fake,Athe a velluvili sweekarikuga
original,???????? ?????? ???? ????????? ?????.
original,?????? ?????????? ?????? ? ?????? ????????? ???????????? ???? ?????????? ??????? ??? ??????? ????. ????? ???? ???????????? ????????? ????????? ???????? ????????? ???????????????
original,???? ldf ???
original,?????????
original,Inhjethunna Nishanthe parennathu.?<br>Nhjammakku badhakamalla ethonnum?<br>Thirinjhina?
Fake,????????? ????????? ??? ???? ????????? ?? ?????????. ?????? ?????????? ?????? ????? ???? ???.
Fake,?????????????? ????????????? ?????????????? ?????? ??????? ???????????? ?????????? ?
Fake,This is like zombie land.
Fake,Bil blind china
Fake,Chinaye...panjikittukoode....
original,???? ???? ????????..??? ??? ??????
original,????? ??????? ?????????? ????????? ???????? ??????? ????? ???? ????? ?????... ????? ?????..... Poli...
original,?????????? ????? ???????? ????? ???????? ?.??? ???? ??????? ??? ???? ???????.???
Fake,"Abdu samad pookottoornu covid protocol ???? ????, then why not for these guyz"
original,Best nadu ?
original,Super Appaa......?????????
original,?????????? ?????? ???????? ???????????? ????????? ???????????? ?
Fake,"????????? ???? ???????????? ?????????????? ??? ?????????  ?????? ?????????????????????. Coronavirus: ‘strange pneumonia’ seen in Lombardy in November, leading Italian doctor says Virus was circulating ‘before we were aware of the outbreak in China’, says Giuseppe Remuzzi, director of the Mario Negri Institute for Pharmacological Research"
original,?????? ?????? ??????????? ????????????? ????????????????? ???? ????? ???????? ??????? ??????
Fake,Evan markku poyi chathoode..
original,??????? ????????????  ?????? ?????? ????? ?????? ??????? ??
original,Vivaravum illa velliyazhachayum illatha No1 party??
Fake,Excellent...
original,??????????? ??????? ???????? ?????? ???????? ?????
Fake,???? panghaduthavar covid ????? ???????? ?????? ????????
original,"?????? ???????  ?????????? ?????  ???  ???, ??????????? ?????????  ??????? ???? ??????????"
Fake,"A pleasing news to thousands , waiting for days with out fear and love to walk with out mask ?"
Fake,?????? ??????????? ? ???? ..??????? ?????????? ???????? ?????? ?????? ???? ..?????? ?????????? ???????? ?????? .. ?????? ??? ????? ????? ?? ??????????? ?? ???????????? .. ????? ????
original,?????? ??????????? ?? ???????? ???? ????? ???????? ??????????????
original,????????? ???????? ??????? ???????? ??????????
original,Verum nariya baranam . Churikki paranjal veetile pattikku adupilumavam
Fake,Kumbhmelaill ulla corona deshiyya coronayyannee???
Fake,Keralathiley kammi kunhungal Delhiyley vivaramonnum arinhillennu thonnunnu onninem kanunnilla
original,???? ??????? ??????????? ???????? ????????????????.
original,???????? ????????? ????????? ??????? .
Fake,????????????? ?????????? ?????
Fake,Really great
original,?????????? ??????? ??????????? ??????? ???????? ????????...?????? ?????????????????...??
Fake,??????? ?????? ???? ??? ??????????
original,Nammada nattil evida kantathe vidheshathuninnum irakumathicheyithathalea avidea lockdown ennu paranjittum avidea anusarikathea nadanavarellam nattil irangi varuthiyathalea
Fake,??? ??????????????? ???? ??????? ????? ???? ?????? ?????????. <br>????? ???? ?????? ???????.
original,Adipoli vaaa povaam
Fake,Ivare okk... Enna parayanaa.... Nammal thanne alle jayippichee.... Anubhavikanmmm
original,Comedy show ayi poyi thiruvathira
Fake,??????? ?????? ?????? ??????? ?? ???????<br>????? ???????????? ??????? ???????? ?????????? ????????????? ???????? ????????? ??????????? ???????? ??? ??????????? . ??? ???? ????? ???????? ???????? ??? ? ???? ???????? ??????? ????? ???????? ???????????? ???????? ??????? ????? ???????? ????????? ????????????? ???????? ??????? ?? ???????? ?????? ???????? ????????? ????? ????<br>??????
Fake,This buffoon kaalakathykkali very bad amidst of Martyr Comrade Deerajs death.  Wondered to note that what happened to the party in the hands of cultureless senseless group. This is very cruel and should not repeat in anyway. Society could have remember today with thanks if the money spent for the same has been spent for providing food for the poor in the name of paavam Deeraj. Some blind illeterates nonsense sitting at top are governing now and ridiculing party and society..... Shame and sorry.
Fake,??? ????? ????????? ???????? ?????????... ????????? ????????????
Fake,"Not correct, China is now facing financial problem.  Their largest construction company is in big trouble"
original,Onnupodo
original,??? ?????? 3 ??????????? ???????? ?????????????? ?????? ???? ???? ??????? ?????
original,????????? ???????? ????????? ?????????? ?????? ??? ??? ????????????????.
Fake,"????? ???????? ?????????? ?????? ?????????????? 1 ?????? ????????? ????????? ???????? , ????? ???????????? ????????? ?????????? ????????????????? ,"
Fake,? ? ?<br>????? ???????? ???? ? ??????????????????????
Fake,???????? ?????? ???? ??????????????? ???????? ??????????? ??????? ?????? ??? ???????
original,??? ?? ??... ?????????? ???????. ?
original,"Parayunnath onne, cheyuunath veronne.. nalla best coordination ?"
original,??????????? ????????????????? ????????? ?????????? ?????????  ??????????? ???????? ??????? ???????????...????????????? ??????????? ????? ???????? ??????????????? ??? ????????.....????????? ??????????????? ????????????? ??????????? ???? ????????? ?????????????????? ??? ?????????? ????????...?????????? ??????.
original,Rakthasakshiye kittiyathinte akhoshamano
Fake,???? sir ?????? ?????   ??? ????????? ??????? ???? ?????
Fake,"??? ?????????? ??? ??????? , ????? ???????? ????????? ??????????"
original,Aa kollam kollam.. Super?
Fake,????? ???????????? ???????
original,Deltaum inde omicronum inde education illatha partyum Kure shavamgalum
original,???? ??? ??????? ??????????????? ??????
Fake,"??????? ??????? ?????????.WHO ???? Tredrous Adhanom ??? ??????? ????????????????????.??????????? ??????? ?????? ?????? ????? ????????????? ???????? ?????? ????????? ??? ??? ???????.<br><br><br>????? ??????? ???????? ???????? ??????? ?????????. ????????????? ???????????? ????????? ?????????? ?????????? ??? ???????????? ?????????????,?????? ??????? ????????......???? ?????????????????? ???????."
original,????? ?????????? ????...
Fake,??? ??????? ???? ?????? ????? ???????? ??????????? ????? ??????? ??????? ???????? ?????????? ????????????? ?????????????? ???????????????????????? ????????????? ????????????? ???????? ??????? ???? ???????? ??? ??????? ??? (?) ?????????????? ??????????? ????? ?????????? ???? ????????????? ???????????? ?????????????????
original,???? ??? ?????? ???????? ????
Fake,One world order
original,??????????   ??????? ????? ????? ???? ??? ???????? 2026+??? ?????? ???????? ???? ??????
Fake,?????? ??????  ??? ???
original,?????????????? ?????????? ?????....dhe eppo ok
original,??? ??????????? ???? ??????????!
Fake,"???????????????? ?????? ????????????????  ???????????????? ??????  ?????????????????  ? ???????? ?????????????  ??????? ???????????  ?????? ???????? ????????, ?????????? ????  ??????  ??????  ???????????, ?????????????  ?????????  , ??????? ?????? ????????  ??????????????  ?????????????      ????  ???????????"
original,Avastta..
original,"???????????? 501 ???? ??????????, ????    51,     5   0  1 ?????? ????????????????"
Fake,??????? ???? ???? ??????  ??????????? ??????
Fake,Chankile china????????????????
Fake,Where is state health minister... Whether she is alive?... She is not ashamed...? Your party congress....? Useless minister.... Meant for nothing......
original,?? ???????? ??????
Fake,"????? ???????? ??? ??????? ?????????. ???????? ?????????? ??????? ???? ?????????????????. ????????? ??????????? ????? ?????????????? ????????, ????. ???????????. ??? ??????????????? ???????. ????????????? ????. ??????????????? ????????? ???????????  ?????????? ?????? ??? ??????"
original,????????? ???????  ????????? ????? ????????? ?????????
Fake,They have the antidot
Fake,?????? ?????????? ...<br>??????????? ?????....<br>???? ??? ???????????  ???????? ??????????
original,??? ?????? ????? ?????? ???????? ???????? 2?????? ????? ?????? ??? ??????????
Fake,The eyes of darkness.
Fake,???? ????? enna film ??????? ???? ????????????. ?????? ?????? ??? ????? alle???
original,Covid thiruvathira mela ??kashtam?
Fake,???? ??? ??????? ???? ?????????.... ??? ???????  ???? ???? ???????? ???????????...
Fake,Prasangam allathe pravarthy illa.
original,WHO ???? ?????? ????????? ??? ?
original,????? ?????....  ?????? ????? ???? ??????????..... ??? ??????... ?????  ???? ???????... <br>???? ??????? ??...  ???????? ????? ????????? ? ???? ????????????? ??????.... <br><br>??? ???? ?????? ??????? ???  ?????? elllathinum ???? ???  <br>&quot
Fake,???????????????? ???????????? ??????????? ????? ????? .
Fake,"If vaccine is safe, then why government not ready to giving compensation for future side effects.?"
Fake,?????????? ??????????? ?????? ?????????? ???????????<br>??? ???? ?????????? ?????<br>????? ?????????? ??????
original,Adipoli
Fake,"??? ???? ????? ?????????,  ?????? ?????"
Fake,?????? ??????????? ????? ?????????? ... but ????? ????
original,"?????enthaa cheyyuka,anubhavikkuka"
Fake,It&#39
Fake,Thank you doctor...!
Fake,America wuhan lab bombittu champalakkanam
original,????? ???????????? 3 ????? ???????????? cpm ?????????.. ????? ???????.?
Fake,??? ??????????? ?????????????.
original,??????? ????? ?????? ????? ???? ????????????? ???????????????????????????????????????????
original,"????????? ???????????? ????? ????????????????, ??? ????? ????? ?????????????. ??????? ?????? ????????????????????."
original,Aar ingane cheythath anelum<br>Naamokke etre budhimuttunnundenno??
Fake,Varendannu paranju kaanum.. virus ilibhyanaaayi..
Fake,"?????? ????????? ??????? ????????? ????? ? ????????????.???? ??????? ?????????? ?????????? ??? ?????? ?????????? ????????? ?????? ???!????? ?????? ??????????..???????????????????? ??????????.????,? ??????? ??????????????????? ?????????."
original,??? ???????
original,1947 ???????? 15 ?? ?????????? ????????????? ?????? ????? ????????. ????? ????????? ?????????????? ????????????? ?????? ?????????????
Fake,??????...
Fake,?????? ???????????? ?????????? ?????? ??????????? ??????? wuhan lock ?????? ??????? ?????????????? ???? ????? ???????????????? ????????????..!
original,???? ???????? ??? ???????? ??????????. ???????? ?????? ?????????????????????? ?????? ????? ??????????. (????? )
Fake,??? ???????? ?????? ??????? ??????????. ?????????? ??? ??? ?????? ?????? ??? ??????? ??????????????.??? ??????? ??? ??? ???
Fake,Asianetile oru good program ?.....content creator nd presenter needs a good?
original,??? ???????????????????!!!
Fake,????? ??????? ??????? ????????? ?????????? ???????? ???????????.
Fake,China uyir?
Fake,Sare Britton vartha akkiyale Sare ollathu parayukayoullu. Election covid mela nadannapol thankal onnum mindathe erunnu eppol botham vanno Sare.
Fake,Patti narikal ellam thudagivachitt China ninnu thudachubnikkum ennu....matturavakkayallooo...eni nigalkku enthum avvalloo
original,?????? ???????????? ???????? ???????
original,Paranariye.Pedichitta.Omikron.Korona.Avidekkku.Kadakkathathu. Chennal..Kadakku..Purathu.Ennu.Kelkkandayennu.Karuthiyanu.Pokathathu.Pol.Ekathipathikkendumakamallo.
Fake,Chinaye veruthe vidaruth
Fake,Omicron... It&#39
original,??? ???  ?????? ???..??.
Fake,Virus incubator China ye ottapeduthanam......They killed millions and blame nature
original,Cpm thanne ee parupadi kal ellam cheyunnathe jannangalle viddikallakkiyathe nirthathayilla cpm thanne nadinnapathannu cpm ulla ellarum sampannarayil adipidi kku poya kurachuthandikal mathram vayinookki nadakkunnu share ittu kallukudikkan nadakkunnu
original,???????????????? ??????????? ?????????????????? ???? ??????????????????????? ??????? ?????? ????????????????????? ??? ????
original,?????????? ?  D ??????????????????
Fake,All are doctors now..<br>People know about covid now...They know about protection...Mask..<br>Ayuvedic treatment.. Method<br>Remidie. .Give instructions<br>and Guidelines.. Nothing to worry...But Lockdown and some panics are here..
original,Ini onnum cheyathirinalmathi . munne paranjathu pinarayi 7divasam corontain aaki
original,?? ?? ??
Fake,???????????? ???? ????? ????????????????????????????????? ??? ?????????????? ???? ????????
Fake,???????? ?????????? ?????????? ????? ?????????. ???? ??????? ???????? ????????????????.
Fake,China is a devil
original,???? ??????????? ????????? ?????????... ?
original,?????? ??????????? ?????? ???????????
Fake,Seems to be a realistic analysis after a long time since COVID 19 was reported first
original,"&quot;????? ??, ????? ??? ???? &quot;  ???? ??????? ???????????????? ?????? ??????????????? ?????????<br>????? ??????????,  &quot;???????????&quot; ??????????.<br>      ??????????????????? ?????? ??????? ????????? ??????????????."
original,????????? ???????? ??????????<br>??????? ???? ??????? ?????? ?????? ??????
Fake,China indiak ethire preyogikan vendi america yude kayyil ninnu medicha virus aanu ith. Bombukalilum matum upeyogikan. Ath buhanile labil aanu soikshichirunne but enganeyo ath chaadipoyi ennanu ee coronaye pati adyamokke precharichirunnath. Ith manushya nirmithamaya virus anennum pareyunnu. Ethratholam sathyam anennu ariyilla.
Fake,???????????? ?????? ??? ????? ???????? ??????? ??? ??????????
original,"?????????????? ?????????? ????? ???????? ??????? ???????? ????? ???????? ?????? ???????? ?????. ITHINEYAANU NAMMAL THENDITHARAM ENNU PARAYUYNNATHU. BHOO, BHOO, BHOO,"
Fake,?????? ??? ????????? ??? ?????? ?????????....?
Fake,??? ????? ??????? ??????? ?????? ????? ???? ??????????????? ?????? ???
Fake,????? ???? ?????? ?????????? ??????????  ?????????????? ?????????
Fake,"??????  ??????  ?????????. ?????  ???  ????  ????????  ???????????  ???????????????? ?????? ?????? ???????? ????????????.  ????  ??????  ????????????  ??  ??????? ???????????  ??????????????  ??????  ????????. ?????  ?????????  ??????  ???????  ???, ???????  ????????? ??? ????????.  ??? ?????? ????? ??????  ????????????  ?????  ???  ???????????????  ??????. ?????  ??????  ?????  ?????? ?????  ?????  ?????  ?????????  ??????  ??????  ?????.  ?????  ???  ??????  ??????. ?????"
original,"??????? ??????, ?????? ????????????????"
original,??????? ??????? ??? ???????? ?????? ?????????????
Fake,Great depression 2.0 coming?
Fake,Thudarbaranam viddittham aayi
Fake,Ban china
Fake,?????????   ????? ??????????    ?????? ??? ?????? ????????????????
Fake,Oru nanakkedum Ella.. Eniyum nadakkattea.. Kumbha melam.. Ki jai... Jai mahadeva ?
original,Aaahaa...???
Fake,"True, true, true."
Fake,????? ??????????? ??? ????????? ??? ?????????? ?????? ????????? ??????? ?????????? ???
Fake,?????? ??????????? 100% ???????????? ????? ?????? ??????? ???????? ??????????. ????? 90% ??????? ????????? ??? ????? ???????? ???? 1 ?????????????? ???? ??? ????????????? ??????? ??????? ???????.  ? ??? ????????.
Fake,??? ???? ?????? ???????? ??????? ??????? ?????? ???
original,??? ????? ??? ?
original,"????? ?????.... ?????? ????? ???? ??????????..... ??? ??????... ????? ???? ???????...  ???? ??????? ??... ???????? ????? ????????? ? ???? ????????????? ??????....   ??? ???? ?????? ??????? ??? ?????? elllathinum ???? ???  ""?????? "" ????????... ????? ??????.. ??????????? ??? ????????? ???? ?????????????"
Fake,"??? ?????????? ????????? ???, ??? ??? ??????? ????????"
Fake,This is not thiruvaathira this is new Gen pinuvathira
Fake,Absolutely right about Makkah pilgrim....<br>?????????????? ??????????? ????????????  ????????????? ???????.
Fake,Anthada thayoli kumba mela nanakedum thableek rajyadrohavum aakumnnath
Fake,Evarkoke corona pidichal kudumbathil elavarku pidikule
original,Ithu.janasangia.kurakkan.vendi.nirmicjathanoo.allathenthu.parayan
Fake,???? ??????? ??? ???????????????. ??? ???????? ????... ??????? ?????? ?????????????.
original,Ulupp illatha sarkar??????
Fake,epoyengilum saajan makkayude  nanma paranjallo  v   good    kuodutal  padike   eniyum  nanma  parayaam   ?
Fake,?????????? ????????? ?????? ???????????????. ??? ??????? ???????? ???????????. ?????? ??????????????????. ????? ????? ? ??????? ?????????????????. ?? ???????? ?????? ????? ???? ???????????
original,Note thegele thabalegu
Fake,?????? ??????????? ????????????????? ????? ????? ?????? ?????? ??????????? ????? ??? ?????
Fake,BCG vaccine.... ???
original,Para nari cpm party&#39
Fake,"Doctors can speak only in support of vaccination, if not will face difficulties"
original,????? ???? ?????????  ??????? ???????????<br>??????? ????<br>????????? ????????????? ?????????? ????????????? ????????? ?????
Fake,Party paruvadikk Corona marinilkumm
original,Alpante oro samaasha
original,??? ??????????? ??????? ????????? ????? ???????????????. ??? ??????  ? ?????????? ?????  ???? ???????????.
Fake,??????? ???? ???? ?????? ??????????? ??????
original,Cpm ???????????  ????????. ????????????.  ?????? ??????????<br>???????????????? ??? ??????  . ???????? ???? ??????  ???????? ?????? .????????
original,??????????????
Fake,??? ???????????? ?????? ??????? ?????? ????????? ?????? ??????????. ???? ????????? ???????????? ??????? . ???????????? ???? ??????????? ?????????? ????.  ??????????? ???????? ?????????????? ???????????? ????.!<br>????????? ?????? ???????? ?????? ??????????? ?????? ??????????? ??????.. ? ???????????? ????????? ?????? ???? ????? ???????????????.<br>? ??????? ???? ???? ??????? .
Fake,Thanks
Fake,??? ?????????? ????? ????? ??????????? ???? ????????????...
original,????????? ??? ?????? ???? ???
Fake,??????? ????????? ????????? ?????? ?????? ???????????? ?????????????? ??? ???????????  ??????? ??????? ??????
original,?????? ???? ????????  ???? ????????? ?????  ??????????????? ?????? ????? ???? ?????? ?????
Fake,This is predicted by Santhosh Sir (Kaliyuga Jyothisham) now it&#39
original,????? ?????????? ??????????  ??????? ?????????? ??????? ????
Fake,"C,P,M,,,,,L,P,JAYARAJANU,ORU,NITHI,,PINNARAYIKKU,,VERORU,NITHIYO,????"
Fake,Good   speach
Fake,???????????? ???? ????? ????? ?????
original,???????? ???????? ???????????????? ??? ?????? ???????????? ..... ??? ??????????? 500 ???? ????????? ???????? ?????????..
Fake,Virus avar kandupidichenkil marunnum kayyil kanum. Kure ennam chathottenn vekkum. Athu avarude rajyathanelm mattulla rajyangalilanelm avarkkonnumilla. Kure ennam poy kazhiyumbol avar marunn kandupdchu ennu paranjini varuonna ariyendath. Cubayude kayyil marunnundo ennum samsayikkam
Fake,&#39
original,"????????? ??? ????? ???????? ?????? ???? ?????????? ????? ??? ?????? 75?????????? ?????? ?????? ?????? ??????? ????????? ????? ???????????. ???????? ??? ???? ????????? ??????????. 75????? ???? ?????? ?????????? ????????? ??? ???????????? ???????. ?????????? ? ?????????? ????????????? ?? ??????????????. ????????????? ??? ????? ???? ????????????? ????? ???????????????? ???????. ??? ?????????? ????????? ????? ??????????? ??????????????? ????? ??????, ??????????? ???????? ??????????"
Fake,"? ?????? ???????? ??????, ????????? ?????? ???????, ???? ????????, ?????? ???????,  ??? ?????? ????? ???????????????????????,"
original,Arogya mantri undo area aaaaa
original,?????
Fake,"???? ?? ????????? ?????????????? ??????. ???????? ?????? ??????? ????? ???? ??? ?????? ?????? ???????? ???????????, ?????????????????? ?????? ????????????..."
original,Maha kallan
original,"??????? ????? ???????, ?????????????????? ????????, ???????????????????? ????? ???? ??????? ????? ?????????????? ??? ??? ??? ????????????? ??????????..."
Fake,??????? ??????????. ? ???? ??????? ?????? .......@@. ???? ?????? ????????????????????.
original,?????? ???? ?????? ????????? ????? ?????????? ?????????? ????? ?????
Fake,?????? ??????!
Fake,??? ???? ?????? ??? ???
original,??????? ????????? ??????? ??????????? ?. UDF ???????? ?. ???????????? ?????????? ???????? ??????????? ????????????????. ?????????? ?????.
Fake,??? ??? ?????? ??? ?????? ?????? ????? ???????????????...??????? ??????????????... ?????????? ???? ?????? ???? ?????????????...
original,????????? ????? ?????? ?? ??????
Fake,???? ??????????. ??????? ??????????? ????? ????????? ??????? ?????? ??????. ??????????? ???? ????????????? ???????? ?????? ???????????? ??? ???????. ??? ????????? ???? ???????? ?????? ???????? ???????????? ?????????????? ???????????????. ????? ?????<br>. ??? ???? ????????. ??????? ????? ?????? ???????? ?????????? ????. ????? ?????????? ???? ??? ???????????. ???????? ?????? ????? ???????. ??? ??? ????? ?????????? ??????. 10000 ??????????? ??????. ??????? ???????????????.
Fake,Pity those so called ladies eulogising a Rakshasa like our Hiranyasha in epics. Marxist party has stooped down to the level of idolizing individuals and licking leaders chappals just for some favors or free kits or ornamental public sector jobs and will do anything . Despicable and incorrigible social waste
original,??????? ??????????????? ??? ???????? ??????? ??? ??????? ???? ????????? ? ?????????????? ???????? ??
original,??????  ????????? ?????????? ???????????????????? ??????????????..?????????????.?????? ????????? ???? ????????.
original,?????????????
original,??????? ????? ?
original,Evanayokka kallariyanam. Health minister has limitations. Pinarayi thanna ellaam!
original,"Pani edukatha Thozhil urappukaru, Pension kodupukaru, plastic thodatha Hridhakarmakaru, ward nokatha ward member maru, Asha worker mari angane sagala Marxist recruitment karum.. Thiruvathira kalichonam.. Paiyan marichathil paduppu mudikitundallo haa athu mathi enavum ????"
original,??????? ????? ???????????? ????? ???????????? ??????????...!!!
original,Entha chykaa... minnal murali de shakthi enik dayvam tannirunengil ennu agrahikkunu...
original,????????? ????????????? ?????????????? ?????????????????????? ?????? ??????????
Fake,All the bst China.. And Nighalkku athu Saadikatte.. God bless you
Fake,<b>?????????? ? ?????? ??????? ??????? ??????? 20 ?????? ??????? ??????? ??????? ????????? ??? ????????????????</b>
original,????????? !!
Fake,??? ??????????? ??? ??? ?????? ??????? ?????????????
Fake,Anu bomb ittu china illathakkenam
original,Assaanu Adupoilum aavaam ????
original,Pravasikal  ano koronakkar...
original,??????? ????????? ???? ????????? 88 ????????? ????? ?????????? ?????? ?????????? ??? ?????? ???????????? .78 ????????? .????? ???????? ???? ?????.???????????????? ????? ?????????? ??? ??? ??? ???????????? .. ??????????? ????????????? ??????? ??????? ????? .. .??????????? ?????? ?????????????????????????? ?????????? .. ???????. .. ??????? ????? ????? ??????? ????? .. ???????? ????? ????? ??????????? ... ??????. .. ???????? ????????? ???????? ???????????? .. ??????? ?????? ???? ???????????? ????????? ?????? ???????? ????????????? ????:??????? ??????? ... ???????????? ??? ????? ?????????????????? ???????????????? ... ?????? ....
Fake,??? ??? ?????? ????
Fake,?????? USA ??? ?????  Covid-21 or Covid -22 ??? ????? <br>?????????? ???? ?????????????? ???? ??? ???
original,?????? ?????? ????? ?????? ?????
Fake,???? ??????????? ???????......
Fake,No sir china is no long
original,??????????? ????????? ??????? ?????? ???????? ?????? ?????? ?????????
original,?????? ??? ?????? ????????
Fake,?????????????? 3rd world war ????????????!
original,??????? ?????? ?????????? .
original,"Ethinokke paranju vidunna, veetukkare paranjal mathi, oru jathi bhodham illa teams aanello, full"
Fake,??? ??????????? ?????????<br>????????? ??? ????? ????? ??????? ?????????? ????????.<br>????????????????? ?????? ?????? ??????.
Fake,Ethinu eragi thirikkunna pennugalea ntho parayana
original,????? ????? ??? ??? ????
Fake,People will be immune to Corona slowly and Corona will be disappeared
Fake,So sad to see traditional used for political campaigns.
Fake,"Hello Marunadan, pl do a story on the sacrifices of Indian soldiers in WWI and WWII.  Today is DDay remembrance globally where the Allies landed on the beaches of Normandy.  Indians fought for the British in both world wars.  Without Indians the British may have lost WWI.  Nobody remembers the Indian participation and there are no memorials for the Indian sacrifice in Britain or India!  I request you to do a show, find any WWII survivors who may still be around and give Indians a chance to celebrate our  own!"
Fake,Corona ye jesus oddikkum
original,Njngal kalakaramar show Cheyan covide protocal Nikki anumathii chidhicha tharula ingalkku enthum avam preshnam ella
Fake,Manushyn thenne manushyne kollunnu
original,???????? ??????? ???? ????? ??????? bijyan ???
original,"??????????, ?????????? ????????? ???? ??????? ????? ?????????? ????? ???????. ????? ????? ?????? ????? ???????"
original,?????? ?????????????? ?????? ?????? ??????? ????? ?????????? ? ??????????? ????? ????
Fake,Corona chinayude jaiva ayudhamaanenne nerathe samshayam ullatha.
Fake,"China apple phone, car, watch copy adikunathe polee eluppam ullathalaa Corona virus ennu orkanam. China manapoorvam adichu irakiya virus anee. First experiment avarude janangalil prayoghichuu. Chinese Governmentinde neriketta chintakal anee karanam."
original,Appo kalyana veetil Thiruvathira kali vaychal 550 perkk pankedukkallo....???
Fake,Mr all of included inhistory
Fake,When idiots rule the state this is what happens.
original,????????? ?????????? Parda ?????? ?????? ????????. ????? ?????? kettiyappol ?????? ?????????????.
Fake,????????? ??????????? ??
original,? ????????? ? ?????? ??????????
Fake,Maakrikale thiruvathirayanoo ningalde marunu…
original,??? ???? ???????? ?????? ????????? ?????????????? ????? ??????? ?????? ????? ???? ?????? ??????? ??? ????? ??????? ???????? ??????? ????? ?????????????? ??????
Fake,?????? ????????? ????
Fake,Corona ee lokam vitt poyirunenkil
original,???? ????
original,????????? ????? ????? ??? ??? ??????????? ????????? ? ?????????? ?????????? ?????? ???????????? ?????????? ???????????????????
original,????? ????? ???
Fake,???????? ?????????? ??????????? ??????????
Fake,"??????????? ?????? ?????? ???????????, ???????????? ??? ?????? ???????? ????? ?????????????."
original,Ithrem nannom kett oru rashtriya party vere undavillaa
Fake,?????????? ???????  ????
original,??? ??????? ????
original,??? ?????????? ????? ??????? ????????
Fake,China chatiyanmaranu avanmar indaki vitatha itu avanmarude kayil marunnum indu avanmaranubitinu pinnil
original,"?????????, ????? ????????? ??????? ????....."
Fake,da kayuthe 2 aaycha aayalloda nee enthe varthayado ithe
original,??????????? ???
Fake,??????????? ????? ? ??????????????? ?????????
original,? ????? ???????? ????? ??????? ??? ???????
original,"Ente ponnu manushyare, ee paattu kettu kettu, pankajakshan kadal varnan enna pattu marannu full marannu &quot;innee keralam bharicherdum &quot;enna vari aanu ente manasilum navilum muzhuvanum ippo...??????"
original,? ? ???? ??????? ??? ???? ?? ????????
original,?????? ????? ???????.
original,????????
Fake,????? ????.. ?????? ?????????? ???????? ???...
original,Bodhidharman :)
Fake,Edhu COVID ennay OMICRON ennay avaruday alliyanmarayum villichu verutunadhu pollay undu... Nice oh nice...
original,??? ???? ????????????? ???????????. ?????????????? ??????? ??????? ??????????. ????????? ?????????.
Fake,?????? ?????????? ??? ???? ?????????? ???? ?????? ????????? ???? ?????? ??????????????? ???? ?????????? ????? ?????????? ????????????????? ????? ???????
Fake,Nink onnum patilla verthe Oro news
Fake,???????? ????????? ????????? ??????????...?????? ?????????? ??????????
original,????? ???? ??????????????
Fake,China ude kayyil predhirodha marunund ath logathodu parayanum vayya eanna avar aanu virus irakiya eannu manazilakum pani kittu athu kond china ulla kurach perkku marunnu nalkathe konnittu nammal onnum arinjille rama narayana eanna mattil America aanu vilanennu kanikyan srimikunna china onnu ortho ith kurach nale kaanu nammal mari kadakum karanam ith made in china aanu jaye india ?????
Fake,????? ?????????? ?????? ???? ????. ?????? ?????? ?????????.....
original,??????????? ?????????? ?????
Fake,???? ??????? ?????? ????
Fake,Yes it is a bioweapon used against  the humanity.
original,??????? ?????? ????
Fake,????? ??????? ???? ??? ?????? - great Sir
original,"Ningale kandal nalla look anallo man, valla veshyaa panikkum poykude?"
Fake,???? ??????????????? ? ? ??????? ???????? ?????????
original,????????????? ??????? ????????? ???????
original,ividathepole azhinjadan samathikkilla  thattikkalayum
Fake,Logam Muzhuvanum Padarnnille.
Fake,???????????? ????????? ???????? ????? 21 ???????? ?????? ???????? ???????? ??????????? ????? ???... ..140 ???? ????????? ???? ????????.. ?????? ???????? ???????? ??????? ??????????? ????? ..?????????? ??????? ????? ??????? ...???????????? ????????? ????? ???????????????? ???????? ??? ???? ???????...NIA ???????????? ??????????? ????? ???????? ??????? ??????..???? ??????? ??????  @#$%$# ????????? ??????????????
original,?????? ????? ?? ??????? ?????????? ???? ??????????? ?????????? ?????????? ??????? ??????????????? ?????? ??????????????????? ?????? ? ????????? ??????? ????? ??????????????? ????????????????????
original,? ?????????????????? ????? ???? ????????? ??????? ??????? ????????
original,Smoking?
original,Njan saghavanu but partyk mukalil arum padilla paranja alu thanne pukazhthi paada. Party evidrkka pone. Appo p jayarajettane kurichu padiyapol enthe... Party nadapadi eduthu..
Fake,? ????????? ?????? ?????? ?????????? ???????? ?????????? ???????? ??
Fake,??  ???????????? ?????????
original,? nde kayille pooooo mala?
original,"??????? ?????????? ????? ?? ?????????? ??????? ?????????? 2024, 2026 ?????????????? ???????? ????????????????????? ?."
original,????? chehh
Fake,Nothing will happen
original,??? ??? ????????? ?????????..
Fake,China yude kaivasham corona kkulla medicine or vaccine adyame undaayirikkum...avar ithu manapoorvam shathrukkale nashippikkaan cheythtathaayirikkum...chinayeyum ithupole thakarkkanam
original,???????? ?
original,Deltacron ??
Fake,??????????? ??????????
original,?????? ????? ??????? ??? ????
original,???? ???? ????????? ????? ????????? ????? ??????????? ???????? ????????????. ????? ?????????? ???? ?????????. ?????? ?????? ????????? ?? ?????????? ???? ???????????? ????? ??????????????????.........
Fake,"good news,happy to happen soon"
Fake,Yenthukondu Vaccine yedukunnavarku side effect undakunnu yennthu simple ayittu yellarkkum manasilakkunnathupole paranjalentha!
original,???????? ?????? ???? ???????? ???????? ???????????????? ??????? ? ??????????? ??????? Like ??????? ?????????? unlike ??? ?????????? ??? ???????? ???????????????? ????
Fake,Lokathe sambathikamayee thakarkkuka enna otta karanam.. Chinaye sukzhikkuka
original,??????????? ?????? ????????...??????????...??????? ?????????? ???????????? ????????.....?????? ??????????? ?????? ?????? ????????????????? ??????? ????????? ?????? ????? ?????? ??? ????????????? ??????? ??????? ????????......
original,??????????????? ??? ??????????? ???????????? ????????? ???????????....<br>???? ??????  ??????? ?????? ??????? ?????????????????<br>????????????? ????????...<br>&quot
original,?????????? ???????? ????? ????????? ???? ??? ??? ?? ??????? ??? ??????? ??????? ??? ???????? ???????
original,<br>??????????????? ???? ???? ??????? ??????? ?????? ?????????? ????? ????????????? ???????????????? ??????????? ?????????????????..
original,Ithenth koppile.....??
Fake,Hay Illuminiti stop it
Fake,Anchor should at least wait for the participants to finish his replies.
Fake,??? ???????????
original,Ivarkoke endhum aavum makkalde kaliyanam nadathunna mathapithakalkke vendapettavare polum vilikkan pattilla endhoru sarkaranithe
Fake,Corona nashichu potte
original,???????????? ?????? ????
original,C. P. M. P.  Pretty
Fake,??????? ??? ???????? ??????? ?????  ??? ????? ?????????? ????????? ?? ????????? ???????????? ??????? ??????? ??????????? ????? ????? ??????????? ??????
original,???????? ????????????? ??????? ?????? ????? ????? ?????????? ???????????? ??????? ???????????? ????????. ??????????? ???????? ?????? ????? ??????
original,??????? ????? ?????????
Fake,"Very suspicious about China .I watched a video explaining Corona started in China early 2019  ,they hide it many months ,as every one know the doctor and few journalist told the truth and they were killed .Lakhs  people might have  died .How can it stop completely from China ?? Surely they devolved vaccines and drugs but they never tell the truth .Minimum one year will take to start drug or vaccine to people.that means they had corna 2019  bigining."
Fake,????????? ??????? 2 ????? ????? ???????. ???????? ?????? ??????? ?????...
Fake,Corona manushya nirmitgavum.... Vaccine nalloru bisnessum
original,"??????????? 500 1 ??? ??????????????? ??? ????? ???? ??????????? ???? ???? ??????????? ?????????? ,?????????? ??? ?????????????"
original,Polichu mothere ????????
Fake,China controlil aakki thudaggi
Fake,If it is true all other nations should stand together and teach  China a lesson
original,??????? ????? ???????
Fake,"????? ??????? ?????. ???? ???? ????????. Hypoxima, sle, tumor apoptosis, fibroid, calcification, cancer ms, anginabpectoris??????????? ???????? ?????????. Psychic killer Bill Gates is exposed globally."
original,Minister polum
Fake,????? ????? ?????       ?????? ?????????????? ???????? ????????????? ??? ??? ??????? ?????? o ?? ???? ???? ?? ???? ?????? ???? ????????? ?????
original,???? ???????
original,Cpm nirthi pokarutho ?????? ???? oly ??????? ???? educated
original,E  pravishyam koodi alle ollu....
original,??????? ????? ???????. ?
Fake,Ivar...rajyadrohikal..ennu...ethra...pravasyam...theliyikkanam..
Fake,Ithinu pinnil china thanneyanu.
original,???????? ???????? ???? ???????
Fake,Pig thayolikal
original,???? ????? ???????????
original,?????? ????????... ?????? ???????????? ??????? ??????? ???????? ????? ????????... ???????? ???? ????????? ?? ????????? ???????????? ?????? ???? ?
Fake,Ignore them.
original,"Uluppilayma!! Bellandaya illandakum, athanoru aswasam.."
Fake,"Remember , If any one takes sword he shall be die for it self."
original,??????????? ???????? ??????
Fake,everyone knows about this......athinu samanya budhi mathi...that its the chinas doing....who doesnt know this.....pinney america kandu pidichu polum......
original,Arenkilum pedippicho???
original,????????????? ??????????? ??? ???? ??????????
Fake,???  ????????? ????????????????   ??????  . ??????????  ??????????
Fake,Keralathile corona 1 varsham kude kanum may 2021
original,"Maricha, vetil, 20,per, vivahathinmu, achanum, ammayum,, azinyadan, 2000per, jevikkan, vazi, mutui, nadakkunna, janagal, arum, vetil, irikkarud, purgalo, nercha, yo, undagil, kananam, poganam, maranam, nammal, bayakkarud, namal,, kasullavan, alla, rashtrya, karun, alla, maranam, pedikkan, 1divsam, engill, adichu, polichu, jevilkam"
Fake,?????????? ??????????????? ??????????? / ???? ????????????????? ???????????
original,? ????????????? ??????? ???? ????? ?????????? ??
original,????? ???????? ????????? ???
original,Pàathram kottooo
Fake,Valuable information.
original,Trouser anu enna naan karuthiyath
Fake,? ????????? ?????? ????????? ?? ?????????? ?????? ??????? ?????? ???????? ?????
original,?????????? ???
Fake,"Who was the poet Aanavoor Nagappan or Pinaray Vijayan, anyway great lyrics, only Vayalar or Bhaskaran master can write this ???"
original,Vote cheythittu karayaruthu. Kit  chakkathil moonchi vote cheythu ini enthinu kuttam parayunnu
original,Uluppillatha teams
original,? ???????? ?????? ???? ?????? ???????????????????? ??????? ???????????....... ?????? &quot
Fake,"????????? ???????????? ????? ????????? ??????? ????????????????????? , ????? ????????????????????????"
original,Evarokke varum ?????? Sheri aakum!! Nalla bharanam!!! Adipoli!!! ??? ?????? ?????????. ??????? vacha vina anubhavichalle ?????. Aare ????? ?????? ???????. ????????? ???? ??????????? ??? ??????? ????? ??????? ?????????????????. ???? ??????????? ?????????? ??????? ????????? kore partykkarum athippol onnalla ?????? ??? ??????
original,Sarkar..vann tholviiii
original,???? ???? ?????? ???????? ??????? ?????? ??? ????? ????? ????????? ?????? ???????? ??? ????? ????????? ????? ????????? ?????? ????? ?????? ?????????? 2 ????????? ???????? ???????? ?????? ?????????? ??????????? ?????? ??????? ??????
Fake,????????????? ????? ???????????? ??????????? ???? ??????? ???.
Fake,"????????, ?????? ????????? ?????????????? ?????????????. ??????????? ?????? ??????? ???? ?????. ???? ???? ??????????????????"
Fake,"Malabar panchangathil, oru KALA SARPA YOGAM kaanunnu 2020 february muthal saptha grahangale RAAHUVUM KETHUVUM Bhandichirikkuna KAARAGRUHA VAASAM JULY 16n Sooryan Karkitaka RAASIYIL Kayarunnathote  ANDHYAMAAVUM... !!!"
original,??? ????? ?????? ?????? ? ?????? ?????o ????? ???? ?????? ??????? ????????? ??????????? ?????? ????? ?????? ?????? ?????? ???? ???????? ???? ???????? ??????? ??????? ????????????? ???? ????? ??? ?????? ??? ??????? ?????
original,Pravasikalanallo
Fake,Thangalude  vaku  bhalikatte
Fake,Ee partyil kazhivilla aruila
original,???? ??????? ????? ?????? ???????.... ?????? ????? ??? ????? ???? ???????????????... ????? ???????? ??????????????????
original,????? ?????? ???? ??? ??? ????????????? ??????? ??? ?????????
original,Thithithara.  Thy
original,Athigaaaram enghane dhurubayogikkam enna gaveshanathilaaanu pinanaaariyum cpmum<br><br>Anubhavicho
original,Eee koppan enthanu katti koottunnathu... kastam...
Fake,No where in this world will happen such a senseless thing while people are daily dying due to covid.. shame utterly shame
Fake,????? ????????????? ????????? ?????? ???? ???????????..
Fake,Nuclear bomb itu Chinese administrators ne kolluka athanu veandath
original,?????? ???????????? ??????? ?????? ??????????????.
Fake,"??????? ??? ????????????? ????????? ?????, ????????????? ??????? ????????? namban ????????"
original,Schoolugal mathram endhinu adakunnu ????
Fake,????????????? ????? ????????????????....... ?????????? ??????? ????? ??????? ?????????? ?????????????????.... ????????? ????? ????? ?????? ??????..... ?????? ??? ???? ???????? ???????????
Fake,"America funded, Chinese operated,and Europe profited we always.........3g"
Fake,"Janangal <a href=""http://bodhavanmarayirikkunnu.social/"">bodhavanmarayirikkunnu.social</a> distance,mask using nannayi nadakkunnund ipol wordil.ath kondanu corona illatheyavunnath .allathe thanneyang <a href=""http://povilla.health/"">povilla.health</a> workersinte pravarthanam abhinanthanarhamanu...chila meghalakalil iniyum classukal anivaryamanu.nannayi sajan achaya..nalla oru sub ayirunnu...good luck."
Fake,Donald Trump brought lot of facts  to light   but the world rejected
original,???????? ?? ?? ?? ??????? ????? ?????? ????? omricron ????? ????? ????? ????????? ?????? ?????? ???
Fake,"WHO ???????? ?????, ???? ??? ???????????? ????? ????????? ?????? ?????????? ????????????... ???????? ???????????????? ????? ?????????????????????????......"
original,??????????? ????????? ???????
Fake,Chinayude chathi thanne
original,?????????? ??????????? ????? ??? ??????? ????????
Fake,??? ??? ????? ??????? ?????????? ??????????????   ??????????? ???? ????? ?????? ??????? ???? ???????? ?????????? ??????? ??? ???????? ???? ??????? ?????? ???????? ?????? ??????? ??????????????????? 100%??????  ??? ??????? ????  ???????????? ???????? ???? ???????? ??? ????? ??????? ???? ????????????
original,?????????????? ?????????? ????? ??
Fake,????????????? ???????? ?????? ?????? ?????????????? ????? ?????? ???????.
Fake,The prostutter cahanal?
original,Communist ???????.... ??????? ???????...... ?....
Fake,This kaikottikali not thiruvathira Kali which use to be conducted on auspices thiruvathira festival.
Fake,?? ???????????????? ???? ???????? ????? ????? corona ???????? god of pachari paranjath
Fake,????????? ?????????? ??????????? ????? ??????? ??????????? ?????? ???????? ???????????? ????????? ???????? ???????? ?????? ???????????? ???????? ??????? ?????????.... ???????????
original,Pravasikale itra karuthalode kaanuna vere ethu sarkarund. Nattil ellavarkum kovid vannalum otta pravasikkum vararuth.
original,????????????? ?????????? ??????? ???????????..<br>??? ????????? ???????????...
original,??????? ??????? ???? ?????? ????????????? ?????? ?? ????????? ?????? ???? ???????? ???? ????????? ??
Fake,????? verupich konn
Fake,"Big  Salute  Jacob sir,  Big  Salute Mohanan  Vaidyar."
Fake,???? ????? ????????? ??????? ???????? ?????? ??????????.
original,?????? ???
original,?????? kammikal ??? ?????? ???????????? ????? ?????....
original,?????? ?????? ???????? ?????? ??????
original,????????? ??????????
original,?????? ?????? ????????? ????????????? ???? ???????<br>?????? ????????? ??????????? ??????????
Fake,??????  ??????????  ?????????  corana ???? ????? ?????????? ???????????? covid ????? ????????????????.
Fake,"Paavapettavan cash loan eduthu kallyanam nadathiyale corona varu,  party paripadik corona varilla,  karanm corona polum thottupovum"
Fake,"There have been 2,337 cases of coronavirus infections reported in Russia so far and 17 deaths."
original,?????? ??????????? ??
original,??????? ?????????????? ????
original,Youngsters keralthil vannalea without any party <br>Keralam gods own country akathullu
original,????????... ?????? ????????????... ??????? ???????????? ????????? ?????????
original,???? ???? ?????
original,????????????? ?????? ????????????? ???????????
Fake,"Very correct!  Not 3 countries only as you mentioned.  It&#39;s a total of 6 countries. <br>Just see the Corona fatalities in Communist or Communist supporting Countries, China, Cuba, Russia, Laos, Vietnam, N.Korea,  Its death rate is very few in numbers. some countries have the death rate is only still in single digits.<br>In the case of Kerala,  ( also a communist ruling state) I heard the news from a channel,  (I don&#39;t know it is true) that China is planning to send medicine thru Cuba).<br>China just wants to destroy Europe and The USA ( westerners) and its allies including Israel.<br>Now China is progressing, in all respect.  They Exported Corona to the world and now they exporting Corona protective pieces of equipment to the world."
original,"Vivaram ullavan otta oruthanum ille? Ee parrtyil, petti adiyum ,kittum Nalla varaikal"
original,"E,pattu ketu dance practice cheathvar de avastha...?"
Fake,"???? ??????? ???????? ????? ????????????, ???????????? ????????? ???????? ????? ????????? ??????? ???????? ?????????????, ??? ????????? ?????? ??????? ??? ??????????????, ??? ?????? ????????? ??????? ????????????????? ????? ??????? ?????????, ??? ????? ??? ??????? ??????????????????, ??????? ????????? ??????, ????????? ????, ??????, ?????????? ????, ??? ???????? ??????? ??????????????, ?????????????, ??? ?????? ??????????????????, ???? ????"
Fake,???? ???????? ?????? ???? ??? ???? ?????? ??????... ????????.. ??????? ????????? ????????????? ???
Fake,"????? ???????????? ?????? ???????? . ????? , ????????? ????? ????? ,  ???? ????? ????? . . ????? ????? ????? ??????????? . ?????? ???????? ?????? ?????? ."
Fake,China thanne Srishtticha Jaivaayudham. China thanne illathakkunnu. Planning thanneyanu.??
Fake,Koronakku samanam varunnathu vare karsana niyanthranam nadappakkuka thamne venam
Fake,"???????????  ????????? ??? ?????????  ??????, ??????????????????????  ?????"
original,????????????? ?????? ????? ?????? ?????? ???? ??????? ????? ?????? ????? ?????? ????????..
Fake,????? ???????  ????????? ??? ? ???? ???????????? ????? ???????? ??? ??????
original,Ulupillatha chettakalu.....
original,??????? ??????????? ????? ??????? ?????? ????? ??????????? blood clottin ???????. ?????? ???????....  ??? ??????? ?????????????? ??????? ??? ????????? ???
original,50.000. ??? ????? ???? ???? ????<br>????????? ?????????? ?????? ?????<br>????? ?????????????????
Fake,???????????? ????????? ??? ?????? ???? ???????.
original,CPM NO PROBLEM
Fake,Ninakk yetra tandayan maira sangi
original,"????? ???????????????, ?????????? ?????????????? ?????? ????????? ?????????????????.?????.... ????? ?????????? ?????? ?????????????? ???? ??????????????? ????????????????????"
Fake,?????? ??????????????? ????
Fake,Well explained. Thanks ? please follow it up
original,?????? ????? ?????????? ?????? ???? ???????? ????????? ????? ????? ??????? ????? ??????????... ??????? ??????? ???????????????? ??? ??????? ????? ???????? ????????????? ??????... ??? ???????? ?????? ?????????? ?????? ???? ??????? ?????????????? ??? ?????? ?? ????????????? ????...
Fake,????? ?????? ! ???????  ????????? ?????????? ???? 1152 ???? ????????? . ?????? ????? ! ?????? ??? ??????? ??????? ???????????? ??? ??????? ??????? ????????????? ???????? !
original,??????? ?????????? ?????? ???? ???????
Fake,Half dislike und
Fake,Go china go corona...
Fake,? ????????? ???? ???????. ??????? ??????? ?????????? ??? ?????? ? ????????? ????????????
Fake,????????? ???????? ??? ?????? ????????? 50 ???????? ??? ?????? ????? ????? ???? ????? ??? ?????.
original,Thiruvadira kalichu covidina thurathiya pinarayi sarkkar kashttam
original,Marunadantea puthiyakandu<br>Pidutham Nanayirikunu Bayanghara kazive Itheallam<br>Anghinea Undakunu
Fake,?????? ??????  ???? ??????  ??? ????????? ??????? ??????????? ???
Fake,"Edoo bhoomiyil Ella kalathum virus kaluda akramanam manushya Rashikk undayittund,, athunnum biological ware allla,"
original,Ingane ee government oronnu kaanichu koottiyal adutha election vote cheyyan keralathil aarum jeevanode kaanilla.. ellathineyum corona kondupoyi kaanum
Fake,?????????? ???? ????? ?????????.
original,????? ??? 30 ?????????? ?????? ????.
original,Health minister is alive......... National waste
Fake,????? ??????????  ?????????????  ????????? ??????? ?????????????? ? ???????? ?????????  ??????????????????  ???? ????????? ????????????  ?????? ????? ??? ?????????? ???????? ?????? ??????? ?????   ??? ???????????? ????????
original,????? ??????? ??????????
Fake,"Channelukare ??????? ??????? ????????  interview chethu ?????? ??????????  ?????? ??????? ????????? ?????...<br>??? ???? food ???????? ??? coronayum ????????? ??????? ?????????, ??????? ??????? ???? ?????? ????????????, ??? ???? ?????? ?????? ????? degree ????????"
original,???? kovid ????? ????? ??
Fake,?????? ????....... ??????..... ???... <br><br>???? ???????????????..... ??????... ??????????
Fake,"Ivarkethire paranjal ,paranjavar sangikal , anubhavam guru"
Fake,???????????? ? ????? ??????? ??????? ????? ????? ????? ??????? ??? ???????
Fake,"Yes true. It is mysterious.  <br>So in the coming days, china will be the super power both in the terms military and economic power."
Fake,What about WHO ?
original,??????? ??????? ?????? ?????  ???? ??????????? ???????????? ????? ???????????? ????? ?????
original,????? ????????? ??? ?????? ???? ??????? ????????.... ????????????? ???????
Fake,?????????? ?????? ????????????? ???????? ???????. ?????? 153 ???????????? ?????
Fake,Sathyam ayi varatte
original,??? ????? ?????? ????
original,???  ???????? ?????????????  kovid19....
original,CPM <br>Corona<br>Parathunna<br>Marxistukar ????
original,Kashtam
Fake,"China has created this Virous and they have the antidote. This is the weapon they tried  <br> To use against  India and US ,  but we will come back strongly."
Fake,??? ??????????? ????
original,"????????? ?????? ????, ??????? ????... ???????????... ????? ??"
original,?????? ?????? ??????????....
Fake,?????????????? ????? ????
original,??????? ????????? ???? ?????? ????? ????????? ????????? ??? ??? ??????? q
Fake,Very bad anchor.We can believe Indian scientists but not MM.
Fake,Marunadanum velivundayi may 19 nu 5 lakhs patients and 38000 death ennu evide prediction nadathiyalaneer atu nadathiya date March 23 ... remeber that ...
Fake,All are well professionally planned. <br>??? ?????? ??? ???????????? ????????? ?????? ???.
Fake,???????? ??????? .. ??????????? ????? ???? ????? ?????????? ????? ?????????????? ..??
Fake,China most dangerous nation in the world
Fake,Enthayalum viplavathinte ragavum thalavumokke avaru maatippidichittund...
original,???????? ????????????? ??????? ????? ???
original,Ee varshathe mikacha comedy ?
Fake,???????? ?????????????? ?????? ????????????? ????? ????. ? ????? ?????? ????????? ??????? ?????????????????. ??? ???????????? ???.
Fake,IMA ???? ??????? ????? ???????? ??????? ??????????????????? ???????? ?????? ???????????? ????? ???????????????? ????????????????? ???????????? ??????? ???????????? ?????????????? ??????
original,Deeranu maranum onne olluda
original,Nalla role model government
Fake,"No doubt this evil virus was man made ,that&#39;s why it changes  various ways. <br>Chinese government must own up to what they were planning. <br>What happened to the doctor who first confirmed this virus,where is he .<br>The wet meat market is a easy way out for Chinese to blame, then why have these kind of disgusting markets. <br>The whole world is taken for fools by the Chinese they must let other countries investigate in Chinese soil to find the truth.<br>So based on this report America is also to blame for providing support in finance and other means ."
original,america oru button amarthiyal lookha rajiyanghal kathi chambalakhumennu pandokhey paranchu keyttu mookine thumbilulla kothukhine adichu kollan kayinchenkhil
Fake,??????? ???????? ????? ????? ????? WHO ???
original,Ithano purokamanam Saaaaaakale
original,??????????? ?????????? ??????
Fake,?????? ???? ????? vakavedham
original,?????? ?????? ????????? ??? ?????? ????????????? ????? ?????? ???????.. ?????? ???????? ?????? ???? ????? ?????????????
original,??? ?????? ??? ???????? ????????? ????????.????????? ????? ????? ????? ????????.?????? ????? ????? ???????????? ???? ?????????? .2024 ??? ?????? ???????? ???? ??????? ????????
Fake,"Before you hear what these pimps have to say, read the factsheet published by companies"
Fake,??? ?? ?????  ??? ??????? ?????? ??????? ?????? ?
Fake,ithu manapoorvam anu...janangale jagradha
original,????????? ????????..?<br><br>????????????? ??? ?????????..
original,Avanmarkke endeum avaloo chattakal<br>Janagal viddikal.
Fake,?????????? ?? ??????... ???????...
Fake,????? ??????????????? ?????? ??????????? ?????? .......???????????????  ???? ??????????. ?????????? ????.
original,?? ??????????? ????? ?????????? ?????? ?????????? ???? ????????? ????? ???????? ??????? ??????? ????? ?????????? ?????????? ?????? ????? ?????? ???????? ?????? ??? ????? ?????????? ????? ??????  ???????? ????? ?????? ?????? ????????? ???????????? ??????? ?? ?????? ???? ??????? ???????? <br>????? ?????????? ?????? ?????????? ?????? ????...
original,???????? ??? ???? ?????? ?????? ???????? ?????????? ?????????? ????????? ???? ??? ?????? ??? ???????? ????????? ?????? ????????????
Fake,"The most selfish, most treacherous, the most arrogant, the most quarrelsome, the most cantankerous, the worst untrustworthy, the most shameless copy cat, the worst and the most unreliable, the number one backstabber, the most greedy and the number one bully in the present free world and the one and only chuntry which likes to have territorial disputes with any every country it shares borders with! that&#39;s what china.s is and pardon me please if I am proved wrong!"
Fake,Father don&#39
Fake,???? ?????? ??????? ?????? ???? ????? ??????? ???????
original,???????????  ??????????? ???????????
Fake,????????? ??????? ?????????? ???????? ???????? ????????? ????????????? ????
Fake,"Edo  anchoree...thaan   enthina  parihasikkunnathu??  If  they  can  not  prove  it  ,then u  can...before   they prove how  u can  insult  them?"
original,90% percentge ????????? ???????? ????????? ???
original,??????? ??? ????? ?????. ?????? ??? ??? ?
Fake,???? ??????????? ???? ??????? ????  ?????? ?????????? ????
original,??? ?????????? ???????????? ?????? ???? ??????? ??????? ?????? ??????????? ?????
Fake,"Naturopaths very well know about Allopathy-the utter nonsense ie, suppressing and also harmful treatment by giving palliative chemical drugs. Modern medicine cannot cure any disease even viral fever, simple coryza etc. It Suppresses to become Allergic Rhinitis, Asthma, Nipah, Corona... and the like. All these basically come from simple Viral fever. Then is it a treatment?"
original,??????
Fake,Thank you sir..????
Fake,??? ??? ????????????? ??????? ???... ??????
original,???????????????? ????? ????????????? ?????
original,???? ??????? ?????? ??? ?????????
original,??? ???????????? ?????...<br>??????????????? ??? ???????????? ????????????..??????? ?????????<br> ????? ????
original,"?????? 19  ????????????? ??????????????? ?????? ???????????. ???????  ??????????????? , ???????????????? ?????? ????????????????? ????????????   ??????  ????????????? ??????? ??????????, ????? ???????? ?????????????? ??????? ???? ???????, ???????? ?? ???????????? ???? ???????????  ?????????  ???????? ???????????? ???????  ??????"
original,Allenkilum Eppozhum  Thiruvathirayanallo Nadathunnathu
original,???????
original,Pinaray prahasanam
original,??????????? ??? ?????????? ??????? ??????? ??????????????? ?????????????????  ??????? ????????? ????.. ????????????? ?????? ?????????.. Risk ???????????? ????????? ??? ??????? ????????
Fake,IVATTAKALKK<br>ENDHUMAKAMALLO<br>VOTU CHEYYUNNAVARKK<br>KILIPOYI?
Fake,Let us pray to God
original,???????????? ?????? ?????? ??????? ???????? ?????? ??? ?? ???? ????? ?????? ???????????? ??????? ???????????
Fake,??? ??? ?
original,???????????????? ??????????? ??????????
original,??? ?????? ???????? ??????? ???????? ?????? ????? ??????????? ??? ??????? ?????? ??? ????? ????? ??????????.....
Fake,Sound kollilla.lediesi te sound pole
Fake,CPM criminals are ruling Kerala and they will go any extent to do such unscrupulous activites
original,???????? ??????????
original,????????? ??????? ????? ???? ?????????? ????????? ???? ???????????
original,????????? ?????????????? ??????? ???????????????? ?????? ??? ?????????? ?????. ? ??????????? ??????????? ???? ??????? ??????? ????? ????????? ????? ??????????? ???? ?????? ????????? ??? ?????? ok
Fake,??? 2013?????????????? 700????? ??? ????? ????? ????????? ?????
Fake,Appol randarzcha aalukal marichote alle?
Fake,????? ??????? ????????????....?????? ???????????.????????? ??????...
Fake,??? ?????????????? ??????? ?????? ???????? ?????????
original,????? ???
original,Next ???????????????? ?????????? ??????? ???????.
original,.????? ????? ?????????????.... ?????? ?????????  ?
Fake,"Stupid Malayalam media. Keep supporting the colonists. There is no virus, whoever believes about virus just believing the stupid news channels."
original,????? ????????? ??? ?????? ???? ??????? ????????.... ????????????? ??????? ???
original,???????? ?
original,?????????? ??????
original,???????????? ???????? ?????? ??? ??????????????? ???????
Fake,???????? ???? ???
Fake,Eduthond poda oole
original,????????? ??????????
original,??????? ??????????. ????????? ????? ??????????? ?????..
original,????????????? ??????? ?????? ????????????? ???? ??? ?????? ??????????? ??????? ??????? ??????
original,CPIM=BJP<br>MODI=PINARAY
original,???????????? ???????? ?????????
original,Pedi venda jagratha mathi.
original,??????????????=50<br>???????????=50<br>?????????????=500<br><br>?????? ???????????????? ???????????? ????????=550<br><br>??? ???????????
Fake,?????????? ???? ???????. ????????????? ?????????? covid ?????? ????????????????!??? ?????? ??????????? ?????? ???????????????.???? ???????????? ??????????? ????????. ????? ???????? ?????? ??????????????? ?.
Fake,??? ????? ???????. <br>.. ?????? ???????? ???? ????? 19????? ?????? ????????? ????????????????... ??????. ?????? ????????????????... ????..
Fake,?  ????  ?????????  ???????????  ????????????
original,??????? ??????? ??????? ????? ?
Fake,I liked the way of presentation. The clips and cut paste.
original,?????? ??????????? ?????? ???????? ????? ?????? ??????. ????????. ??????????? ?????? ???????????????? ??????. ????? ???? 75 ?? 150 ????? ???????? ???? ???
original,???? ??????????????? ??????? ldf
Fake,China Poorimakkal Puzhutha Thalleyolikal ?????
original,Kashtam thanne ... ??
Fake,"International conspiracy used  China as a tool to destroy the nation, one world government starting with Corona, international one world agenda !!!!??"
original,?? ???? ????? ??? ???????  ???????? ???? ??????????????? ????? ??? ???????????? ????????
original,Aduppilum thooram
Fake,???. ????? ???????? ???? ????????
Fake,???????.. ????????????? ?????? ?????????. ? ?????? ????? ??????????. ????? ???????? ????. ??? ?????????. ????? ???????????... pleas
Fake,??????? ???????????? ???????????? ????? ???????? ???? ?????? ?????????? ?????????????? ??????????.
original,Ithrayum adhipadhicha oru partyyy
original,?????????? 150 ???????? &quot
Fake,???????
Fake,?????????? ??????????????????????? ??????? ??????? ???????????? ??????????? ???? ??????????? ????????????. ???????? ?????????????????? ??????????.
original,lokethengum chavattukottayilekk valicherinja ee party evde shobikkana
original,?????????? ???????? ??????? ?????? ????? ????????????????? ??? ??????? ?????? ???? ?????????? ??????? ?????? ????? ?????? ???????????????
Fake,????  ?????? ???? ??????...
Fake,??? ????????? ????? ?????????? ?????????????
original,??? ??? ??????? ?????? ????? trivandrum  vare ethy?
Fake,?????? ??????? ? ?????? ????????? ???????????? ??????????? ????? ?????? ??????????... something ????.....
Fake,It is very easy to defeat china ....don&#39
Fake,"??????? ??????? ???????????????????????? ??????????, ??????? ????? !!!"
Fake,???????? ???????? ??? ????????? ??????????????.. ???????? sir
original,"???? ???????????? ????? ?????????????????????,,,? ??? ??????????? ? ?????? ??????????,,,... ?? ????????????  Kejri.. ?????? ???????? ??????? ?????? ?????? ??????,,,, ??? ???? ????? ???????????,,, ?????? ?????????????"
original,????????? ????????????????? ?????..........
original,?????? ?????? ??????? ?????? ??????????? .??????????  ?????????? ????????? ??????????
Fake,Enthe Useless Vijayaaa???
Fake,"Thakyou, sir??"
original,????? ??? ??????? ?????? ????? ??? ??????????? ????? ???? ???? ?????? ?????? ?????? ??????
Fake,???????????????????? ????? ???????? ??????? ???????????????????? ????? ????????????? ??? ??? ?????.
original,vidagdar ethiyallo ????????
Fake,This woke me up to the unpleasant truth of how biased we are in our thinking. Many were and are still critical of the Tablighi Jamaat meeting conducted in Delhi during the beginning of the Covid crisis.  But are we equally vehement in criticizing the huge crowds gathered during the Kumbh ?
original,???????? ????????? ?????? Something fishyyyy
original,?? ?? ?? ??  ???????   ????????
Fake,Avaru thanne undakki.. appol  athinte medecen  avarkku ariyam
original,? ??????? ???? ???????????. ????????????? ???????? ?????? ??????????????.
Fake,?????????? ??????? ??????? ????????? ???????? ?????? ????? ??? ???????????
Fake,"Go and research how China deals with COVID-19 they not only depend on morden medicine but also used their traditional Chinese medicine to tackle with covid-19 in India we do not value our traditional knowledge you go and check Germany how they are promoting Ayurveda and other alternative medicine in their country along with modern medicine,"
original,100% literacy ?
original,???... Educated ???..
Fake,"????? ??????? ???????? ??????? ?????????,epol ??????? never mind,"
original,????????  ????? ????????  ??????????????? ??????  ?????... ???
original,Nalla ombiya song
Fake,S  point good
Fake,"?????? ????????????? ???????????? ????? ???? ??????? ????? ??? ????????? ??????????, ?????? ?????? ????????? ????.??????? ???????????.? ????????????????????????.????? ???????????? ????? ????????.???."
Fake,Trump was True
original,?????. ???? ???????? ??????? ????????????.
Fake,"Well presented, to the point"
original,???????? ????????? ????...
original,??? ? ????? ??????????????? ????? ??????? ???????? ????? ????? ?????????? ?????? ?????? ???????????? . ?????? ??????????? ????? ? ??? ???????? ?????????? ?????????? ????????? ?????. ????? ??? ?????? ????????? ????? ????????? ???????????? ?????? ????????
Fake,??????? ?????? ?????????? ??????? ??????? ?????? ?????? ???? ?????? ?????? ???????? ????? ?????????
original,Ini aryippu Varum veettil vare samoohika akalam paalikkanam.. pakshe njangal roadilirangi thiruvathira nadathum.. maskum samoohika akalavum onnum njangal palikkoolaa.. ennittu lockdown kalipikum adangi otjungi irunnonam..nammudeyokke Oro gathikedu
Fake,Chinese presidents wife is working in WHO top post. This post is only to protect China&#39
Fake,?????? ????????? ???? ???????????????? ??????????......
Fake,??????????? ??????? ?? ?? ?? ??????????????????
original,Police marichappol criket kanddi
Fake,????????? ??????? ?????? ????????.. ????????????? ??????? ??????????????? ??? ????????????????.
Fake,???? ????????? ????? ?????????????????. ????? ??????? ????? ?????????????  ????????? ?????.????????? ??????? ??? ??????
Fake,Oru kayyabatham nattilkarud
Fake,No body is talking about the peoples gatherings in temples
Fake,????? ???????????? ?????????. ??????? ??????? ???????????  ???????????????.
original,??????????? ???????
original,???????????? ????? ?????????? ?
original,???????????????? ???????? ???????
original,Avatharanam  oru rkhsayumilla ore Poli???
Fake,"<a href=""https://www.youtube.com/watch?v=ClIuHSpxIqI&amp;t=14m44s"">14:44</a> Haa ippo manisilayille ?? udayipannu panna <b>*</b>"
Fake,Uff ijjaathi ?
Fake,Achanmaronnum ipo peedppikklye ??????
original,Omicrone kadakk purath ......
Fake,7?? ?????.. ???? ????????? ??????.. ????? ??? ????????... ????? ? ??????? ????????? ????? ? ??????? ?????. ????????..
original,????? ???????????? 1000/- ??? ??????  ?????? ????????....
original,Jayipichatallea anubhavichoooo
original,Pinarayikk adppilum avam ?
Fake,????? ????????? ?????? ???? ?????????? ????????? ????????? ?? ?????? ??????? ?????????????
Fake,???????? ?????? ????????? ??????????.
Fake,?????????????????????????????????????????.????.???????????.
Fake,Good
Fake,??????? ????? ??????????? ???????? ?????????? ?????????????&#39
original,?????????? ??????????   ????????? ??????? ??????   10??  ????????   ????????? ????????    ????????????  ???????
Fake,???? ?????? ????? ???? ??? ???????? ????????????????? ???
original,??????? ???? ??????? ???? ??????????? ??? ???? ???????? ?????? ???? ?????? ??????? -????????? ??????????? ??????? ?????? ??????? ?
original,? ?????????? ????? ??????????? ???
original,????? ????????? ?????? ???????? ???? ???????????? ?????
Fake,China products long lasting ?????....? ?????????? ???? ???????.....
original,"?????? ???????, ???? ??????????, ?????? ???????, ???????????? ?? ??????? ???????? ?????? ?????? ???????. ???? ????? ?????????????? ??????  &quot;??????????&quot;???? ???????????????..."
original,???????? ??
Fake,Sir.....good sir
Fake,???? ?????????????? ??? ????????? ????? ???? ?????? ?????? ???????? ????? ??? ?????????
original,"Bjp, ???????????? ????? ?????????? ????? ??????????????????? ?????????? ???????????? ?????? ?????????? ?????? ?????? ????"
original,Nthu jaagrathaa ????????? ??????? aano
original,buthiyillatha kore yennathine boat cheyith vijayicha njmmal aan sherikum pyottan maar..
original,??????????? ?????? ??????? ???????????????????? ?????????????????? ?????????????? ?????????????
original,"Evideyaayirunnu ee &quot;som nalshaan&quot; itranaal, ente yearly leave naasamaaki naarikal"
original,Kappithaaanund kappithaaan 100% thiruvaathira kali kandaaleee appi iduuuu.<br>Kappithaanu vendi njhanghal kappal vare odikkum ella jillakiludee
original,??????
Fake,Amazing
original,????????????? ????? ????? ??? ??????? ?
Fake,???????? ??????? ???????????????????? ???????? ?????? ?????? ???? ??????????????. ????????? ?????????? ????????? ??? ??????????? ?????? ???????? ????????? ??? ?????? ???????? ????????? ????????? ???????? ?????????? ????? ??????? ??? ??? ??????????? ??????????.
original,"??? ??????? ?????????? ??? ????????? ???????????? ????????. ???? ??? ????????? ????? ????????? ?????. ?????? ????????? ?????? ???????????? ????????? ???? ?????? ?????????? ???????. ????????? ?????? song ??????? ??????.. Social distance, mask ?????? ????? ?????????? ??????????????????...."
Fake,?????? lunky news..
original,????????????????????????????????????????????????????????????
Fake,???????. <br>??????? ???????????? ????????? ??????? ??????? ???????.
original,Kesedukkanam
original,Manaaakadi varum
original,?????? ???????  ???? !!!?
original,Ethe eppo athivyshyam anne
Fake,??????? ??????? : ?????????? ??????? ??????????????<br><br>????????: ?????????????? ?????????? ?????? ????????? ???????? ??????? ?????????? ??????? ????????????????? ????? ???????????? ??????? ?????????. ???????? ??????? ????????? ???????? ???????????????? ?????????.
Fake,"Avaru ee vipatinea nerathea mun kuti kandu precautions <a href=""http://edutuayirunu.so/"">edutuayirunu.so</a> right now they are safe"
Fake,I am very happy to hear things there are alright.
Fake,6 ???????? ?????? 133k ??? ?????? ???? ??????? ???? ?????????
original,???????? ????????????.. ????? ?????? ???????.. ????????
original,Than poada uvvve  than entharinjitan eeechelakkunnadu
original,??????? ?????????? ?????? ??????????? :
Fake,Kooduthal vavvaalukale pachakku thinnaan paranjo
original,Hiyyoooo?????
Fake,?????????????? ????? ???????????? ??????????? ??? ???????????????? ?????????? ?????????????????
original,?????   ?  ??????????????   ???????   ??????  ??????  ????????????  ??
Fake,Korona ivattakalekkal etreyo bhedam ?????
original,???...... ?? ..... ..... ????? ??? ????????......???? ?????? ? ???? ????????? ????????????? ???????????????. ?????????????? ????????????????????? ????????????.????????????????? ???????. ????????? ??????? ???????? ????? ???? ??????? ?????? ?????????.??????????? ??????????? ????????????????? ????????????? .??????? ????????? ????? ???????????? ???????? ?????????????????.
original,33 ???? ??????? ?????? ???? ????. ????????? ???????? ???????????? ?? ??????? ????????? ?????? ??????.?????????? ?????????????? .....????? ??? ?????? ????? ?????? ??????????????? ??????? ???????????? ???????????? ???? ?????? ???????????? ????? ???????? ????????????? ?
Fake,????????? ????????????? ?????????? ???????. ?????? ?????? ?????? ??? ???????????? ?????.
original,Pinarayi bhagavane katholanee??
Fake,"As a communist supporter ,I am shame on myself.  Shame to tell myself as Marxist now."
original,Sagav p jayarjettanu ethire nadapadi ethinayirunnu . Adheham ethayalum ethu polythe song onnum undakichitilla kashttam thanny. E pukazthalil veenupokunna alakarath cm
Fake,????? ??????????? ???? ??? ??????????????? ???????????? ????????? ????? ??????? ?????? ?????????? ??????????.
Fake,Ruling party should be role model to the socity to follow up the covid protocol. If the the cm and health minister is saying honestly ask the crowd including ministers those are participated TVM and kozhikkodu party meeting should be go for quarantine.
original,???????????????? ?????????? ????? ???? ????? ????????? ?????... ??? ??? ????????????? ???? ????? ??????????? ??? ?????? ????? ?????????? ?????????..
original,"&quot;????? ?????? ??????????,<br> ????????????? ????????<br> ??????? ?????????<br> ??????????..!&quot;"
Fake,?????? ????????????? ???????? ??????????????? ?????????? ????........ <br>??? ????????? ?????????? ???????? ?????????????????? ?????... ???????????? ??? ?????? ?????????? ????? ?????????? ???????... ????? ???????? ???????? ????? ?????? ??????????... ????? ???? ????? ?????? ??????????... ??? ????? ??? ??????????
original,EANTHINANU ENGANEYORU NISHKRIYAMAYA  AIKARASHTRA SABHA????????????????
Fake,Not good
Fake,God  will give tragedy and peaceless home  to china
Fake,??????? ??????????? ???????? ?????????? ???? ???????? ?????
Fake,Ithu BBcyilum New york Timesilum vanno??
Fake,?????? ????????? ????? ?????? ????????????  ???????????? ??????? ??????? ?????? ?? ?????? ??? ????? Science ????? ???? ???????????o
Fake,???? ?????? ??????? ???? ???? ???? ??? ??????? ??? ???? ????? ? ???? ????? ???? ??????? ??????????? ????????????????? ?????. ??? ??????? ??????? ?????? ???????? ?????? ???????? ???????. ???? ?????????? ????????? ?????. ?????? ?????? ???????.  ?????? ???? ??? ???? ???? ??? ?????. ??? ?????? ??????????? ??????? ?????? ?????? ?????? ???????? ?????? ??????? ?????? ????????? c+d ??????? ????? ?????????
Fake,?????? ?????????....??????????? ??????????......
Fake,?????
Fake,Corona   Go................Go  corona
original,???? <br>???????? ??????????? ????? ????????????
Fake,????? ??? ?????? ????? ????????? ?????? ??????? ????? ??????????? ????? ??????? ?????????? ??????? ???????? ????????? ??????? ???????? ????? ??
original,??????  ?????????????? ?????  ????  ??????? .
original,???????? ??????? ???? bro ????
Fake,??????? ????????? ????? ???????????? ??????????????????? ????????!
Fake,??? ?????????..!! <br>???????? ??????? ?????? ??????<br>???? ???????????????????<br>??????? ?????? ?????????????????? ???? ??????????????? ????????<br>????? ?????????? ????????????????
original,???? ????????? ??????????? ?????? ?????? ??????? ???????????? ??? ????? ?????? ??<br>??????? ??????????? ???????????? ??? ???? ????????? ???????? ???????????? ????????? ????
original,Last mess dialogue pwoli ??
Fake,Good language lang and comedy presented...
original,Chathiyanmaar aane aviduthe Government.
Fake,??????? ?????? ????????? ???? ??????????? ??????????????? ??????? ?????? ??????? ????????????.
original,"??,, ????? ??????????"
Fake,Thank God
original,5 ??????? ???? ????? ????? ? ???????????...... ??????? ????????  ??????? ????????? ????? ????..... ???????????? ???..... ?????? ??????? ?????????? ????????? ????? ????????? ??????????? ?? ???????? ????????????.... ?????? ?????? ??????? ?????????? ??????????...... ????????? ????????... ?????? ??????? ???.... ????? ?????? ??? ???????????????
Fake,Such a nuisance!!
original,???? ????????????
Fake,Thiruvathira kali alkuttam alla sir?
original,Haha... aashanu aduppilum ..th..raam
Fake,Virus ella
original,??? ? ???????
original,???????????? ??????????? ???? ??????? ?????? ??????? ??????? ?????? ???? ??????? ??????? ?????? ???????? ????????? ????????????? ??????????? 50 ??? ?????? ???????????? ????????? ????????? ????????????? ??????????? ??????? ????????? ?????? ????????????? ????????? ?????? ?????????? ????? ???????? ???????? ???????? ????? ???????????? ????? ????????????
Fake,Ithoru manushya nirmitha virasaanu..   krthyamaya plangingode avarathine use cheythu..
Fake,"We didn&#39;t had summer in kerala this time because we haven&#39;t heard any one died because of sun stroke. so that mean the temperature was cool in Palaghat this year.  Media - so that means if any those who are died from April to till date were all died because of corona, no body had died because of heart attack and other illness. so that means the death what we hear thru media is only season death, Nipah, flood, sun stroke, fever, fact is we are healthy and we don&#39;t have any issues with us, its all panic phobia created by doctors and medias. Our chief minister is like like a RJ &amp; TV presenter to read out the Daily statics of corona. This corona period had taught us lot of lessons. We should learn but nobody will change - at last corona itself will be ashamed about this people and leave the world."
Fake,?????? ??????? ?????. ????? ????? ????????? ????????? ???????? ????? ?????? ??????.????? ????????????? ?????? ???????????? USSR ?? ????????????. ????????? ???? ??????? ????? ???????? ???????????? ???.
original,Kashttam thanne
original,Arkkum thonnunnillee orumathiri pottanmaaraan keralam bharikkunnath
Fake,???  ?????  ???????  ????????  ????  ????????  ?????  ???????  ????  ????  ????  ?????
Fake,Ima ???? illuminaati. ????? ???????????  ????????? ?? ?????
original,Ivark okey athra athyavishamengil onlineil meeting vech paranja pore?? Janangaludey okey jeevan vechano kalikuney? Ith keraliyarudey nenjath keri ninulla thiruvathira kalli aay poi. Enta abhiprayathil ithil pankedutha elaavarkum ethirey case edukanam. Rules elaarkum ore pole ayirikanam!
original,Ivan ithu nale thirichum parayum...
Fake,Oro covide perum paranju janagale patikune Kure kalam ayi sadha vayaral Pani vanal athu Corona marunn kamabaikark kodikal vangichu undakuva janagale patikuva
Fake,???? ???????? ?????? ???????????? ????????? ????? ???????? ?????? ????????????? ?? ?? ?? ??????
original,????? ?????? ?? ??? &quot
Fake,"It is the world war 3.0 and by the time the countries of the world realise it , China will have killed all the people in countries that oppose the Dragon. It&#39;s a Chinese geopolitical invasion of the world."
Fake,Enthuparyan evarekodu ulla gunam kity... Eni ellarum Muslim me ethire ?.... Ah mairan mare pidich thallanm.. Vivaram ilathe kuttam alla pakshe ithu sahikula..
original,??????? ??? ?????? ??????? ...
original,2????? ???? ???????? ???????????? ???? ??????? ??????? ????????? ????????
Fake,?????  ????????????  ??????? ?????  ??????????????  ?????????????...<br> ???????  ?????????? ?????? <br> ????  ?????? ???????.....
Fake,Correct ...China cheitha ...weapon spread ing aanu
Fake,? WHO ????????????????? ?????????? ?????? ??? ?????????????? ?????? ??????? ???????? ????? ??????? ???????? ???????? ?????????? ??? ??????? ????????... ????? ?????????? ????? ????????... ????? ????????? ???? ???????? ?????? ??????? ima ??????????????? ?????? ??????????? ??????? ??????? ???????????? ???? ????????????????? ?????????????...
original,Mask illa aarkum??
Fake,?????  ?????. ???? ?? ??????. ?????????????---!!
original,Kulathrikalkku badilayiAlavilathikal          Keralum Nasippikkan
